nickname,age,gender,rate,review
tatajiさん,20代,男性,5,辛くてとても美味しい商品です。また買いたい
購入者さん,,,5,"辛いけど美味しい！近所のドンキではいつも売り切れで買えないため購入しました。
いつもお湯を全て捨てて食べていますが
辛くて美味しいです。
ペ◯ングの激辛より麺が太くてコシがあるので
食べ応えもあります。
こちらの店舗では初めての購入ですが到着した商品は消費期限も長く、丁寧な梱包で麺が砕けている等のトラブルもなく無事に届きました。
またこちらで購入したいです。"
購入者さん,,,4,"市販の辛い系のカップ麺で少し物足りなさを感じて、思い切って購入しました。
確かに噂通りの辛さですね！w
辛さに自信がないので、具材を入れたり、麺の量を半分にしてソースも少量からで食べてみました☆ミ
チーズが合うのがよく分かります♪
怠い時などに食べると体がシャキッとしそう！
麺も独特の食感でとても美味しいです！☆時々食べたくなる味のような感じがします。家族は辛いのが苦手なので私一人で頑張って食べます！笑"
f.fujimotoさん,50代,女性,5,"これは辛いけど美味しい辛さですね。
辛党じゃない息子達もワーワー言いながら食べてます笑
また購入すると思います！"
chunmi3さん,20代,女性,4,"やっぱりすごく辛い、、、だけど美味しいです。
辛さで苦味が出るものもありますが、これは無いです！
牛乳何杯のんでも辛味が残るので、乳製品たくさん用意することオススメします（笑）
ただ安いと思って買ったが、送料の方が高かったので、そこだけ残念です、、"
どきん35さん,20代,女性,4,"ずっと食べてみたく購入しました、おいしかったです。
思ってたより辛かったです！"
購入者さん,,,5,"リピートしまくりです。
とにかく大好きです。"
購入者さん,,,5,"美味しい初めて食べましたが、麺がモチモチで甘辛くて美味しかったです
リピしたいとおもいます"
購入者さん,,,5,リピートです。これは本当に美味しくて、大好きです。私は辛いのが好きなので、ほとんど汁は使わないで激辛で食べますが、汁多めに入れたり、チーズや卵を入れればかなりマイルドになります。
購入者さん,,,5,"味が美味しい味が甘辛くて美味しかったです。
辛さもしっかりあり、一袋一瞬でなくなりました。"
購入者さん,,,5,"リピートです激辛が好物で
とても気に入っています！
辛ラーメンよりも
本当に本当に辛いので
ソースは全部入れずに
少し残してます（&#9593;&#9697;&#9593;）
今回、おまけに
チーズの辛いインスタントを
付けて頂きました…が
今日届いて、賞味期限が
2週間…笑
売れ残りだったのでしょうかね…
嬉しいような、悪いような…笑"
サイコクさん,20代,男性,5,"辛すぎ
また食べたい辛さ
子供には絶対たべさせないように。"
購入者さん,,,4,リピートです。辛いもの好きにはいいんではないでしょうか？次は2倍に挑戦してみます。
購入者さん,,,5,辛いけど美味しい！口に入れた瞬間、あ！美味しい〜ってなるけど食べていくうちに辛い〜…ってなる。旨味がすごくある！とにかくクセになる美味しさで私はすごい好きな味でした！チーズトッピングで更に美味しくなりました！
むらさきジャックさん,40代,男性,5,ちょうどいい辛さパッケージはハングル文字なので全く読めず、YouTubeで作り方を確認して作りました。日本のカップ麺の焼きそばより麺はしっかりした感じ。モチモチしている。タレは甘辛で、おいしい。火薬がなくふりかけがちょっとショボい。私にはちょうどいい辛さでした。
購入者さん,,,4,"定期的に食べたくなる味です！
また購入します！！"
Kumisaraさん,40代,女性,4,辛くて涙が。辛ラーメン好きの娘がポロポロ泣きました。たしかに辛い！でも後引く美味しさで、半分は溶けるチーズ入りにしてマイルドにしてます。とはいえやっぱり辛いですけど。たまに食べたくなります。
購入者さん,,,5,"辛旨とはこのこと！はじめて購入しました！
友達と一緒にたべました^^
ものすごく辛かったのでびっくりしましたが
その分旨みもあり、麺がとにかく最高です！
先程2回目注文しました！"
購入者さん,,,4,おいしい本当においしい。麺は少しもちもちした感じ。辛いけど慣れればそうでもない。
アフロ　Zさん,40代,女性,5,とても辛い(*´▽｀*)でも美味しい。初めてこのプルタクを買いました。とても辛いけど辛いものが好きなかたには、はまる味です。最後に少しチーズをのせて食べるとまた美味しいです。リピートしたいです。
撫子87110さん,,,5,とても辛いですが本当に美味しいです。買ってよかった！
かよちゃん◎さん,30代,女性,5,リピートしまくり毎日、１日１回これを食べないと物足りないくらいはまりました。母もはまったので、１日２袋ずつ食しています。６パック注文しても送料は600円だったかな？でいけるので、毎回６パック頼んでいます。大量に買うならこちらがおすすめです！
ふぉみMAXさん,30代,女性,5,リピ普通の辛さで満足行かなくなった方にオススメ！
購入者さん,,,4,"辛さの中にも旨味が口に運んだ直後は美味しいな〜と思うのですが10秒後は氷を口に入れたくなります。唇も痛い！！！
辛さの中にも旨味があり、ただ辛いだけじゃないので休み休み箸は進みますが、１人では1つ食べれませんでした笑
辛いもの好きにはお勧めの1品です。"
購入者さん,,,5,"２回目EP1に続きEP2もこちらで購入しました。
前回に続き一緒に購入した食品も丁寧に梱包されきれいな状態で届きましたのでとても安心しました。
早速iPodにいれたいと思います！
おまけの写真もちゃんと同梱されていました！
また機会があれば購入しようと考えています。"
tommy★さん,30代,女性,5,"嬉しい!!写真だけでなく、ポストカードもありがとうございました!!
お気遣いがめっちゃ嬉しいです!!
また予定よりも早い発送ありがとうございました!!"
まきじじさん,30代,女性,5,"旨辛&#9825;辛かったけど旨味と甘味みたいな癖になる味でした♪
めちゃ好きです！！
辛いのが得意でしょっちゅう食べてる人はそんなに辛くない、
辛いものは普通に好きだけど激辛系元々食べない人は汗だくかもしれませんね( ´-` )
私は辛いの好きだけど激辛挑戦して見たいと思って食べたら汗だくヒーヒーカラカラでした〜！"
購入者さん,,,5,辛くはないですが美味しいです。なんとなくスパゲティのナポリタンみたいな感じお味かな・・・と思いました。麺の量が多いですね。クセになる美味しさだと思います(^-^)
購入者さん,,,5,"数年前に初めて食べた時は痛くて汁を少し多めで食べていたけど
最近は慣れてきてお湯は全部捨てて美味しく食べられるように(笑)
カレー味のも美味しいけど割高なので買わずに、これにカレーパウダーを
かけると同じ味になります。
好きな食べ方はとろけるチーズたっぷり！次にカレー味。"
購入者さん,,,5,"今回、全く辛く感じず…普通に美味しく頂きました。
息子に心配されてます。"
☆リカ☆01さん,30代,女性,4,"楽しみ>_<こちらの店何回か利用してます>_<いつも割と早く届くのに、なぜか今回なかなか届かないですT^T10日たちますが…
とりあえず楽しみにしてます(^_^;)
ってレビューした次の日に届きました（笑）
噂通りめっちゃくちゃ辛い、痛い（笑
チーズと卵混ぜて美味しくいただきました>_<"
購入者さん,,,5,"とにかく辛うまいです！
癖になります♪
辛いもの好きな人にｵｽｽﾒです！"
冬哉さん,30代,女性,5,職場の激辛大好き仲間にもお裾分けしました♪まだ食べてませんが楽しみです。
購入者さん,,,5,"リピートです[受注番号] 243254-20140723-0594067319
前買って美味しかったのでリピートします。友達にもお気に入りみたいです"
Trace128さん,30代,女性,4,送料対策のため購入。かなり辛いとわかっていながら……。早速昼に頂きます！
購入者さん,,,4,味はいいが……初めの二口くらいは、まじで美味しい。が………、あまりの辛さにやけどしそうでした。初め辛さを甘く見ててソース全部いれて、付属のかやくのみで作ったら全部食べきるのが大変でした。次からはソースを半量に減らし、野菜やチーズを混ぜて食べました。確かにソースを全部入れた方が味がしっかりして美味しいと思いますが、この辛さは絶対体に悪いと思いますので、くれぐれも食べ過ぎないように……
購入者さん,,,4,"味は美味しいが味は甘辛くてとても美味しいですが、激辛という程ではありませんでした。
パッケージの裏の通りに作ると甘さの際立った甘辛い味になりますが、茹で汁を全部捨ててソースを絡めるとそれなりに辛くなります。作り方によって印象がかなり変わります。
激辛とまではいきませんでしたが、元々の味が美味しいので普通に味わって食べられました。"
RieiNさん,30代,女性,4,美味しい送料が…でもとっても辛くて美味しいです。病みつきになる！
拓220さん,40代,女性,5,確かに辛い…けど美味しいです。辛い中に甘みも感じられました。麺がモチモチしていてすごく美味しくて、日本のインスタントものより全然美味しいと思いました。私はかなり辛いもの好きなのでスープなしで作りましたが、汗をかくまではいかなかったです。辛いもの好きな方は是非食べてみて下さい。日本にはない辛さですよ。オススメ。
購入者さん,,,4,からうまー！プルタク炒め麺、かれこれ一年前から気になってました！韓国にも旅行でちょくちょく行くくせに、何故かマートに無かった(^_^;)こちらで見つけて即買い！お昼に実家で食べました！母親はギブ、父と二人で食べました。家族も韓国にたくさん行っていて辛いものは慣れてるのにこの麺は辛すぎて(笑)チキンのうまみがある最高な炒め麺です！
ぴすたちお。さん,20代,女性,5,"いい！彼氏とハマってしまって、皆に配ってます（笑）
お湯入れずに、焼きそば感覚で普通に炒めたほうが、辛くて美味しい(＞＜)"
Daisybeesさん,20代,女性,4,大変満足です希望通りの商品でした。是非またリピートしたいです。
ゆうみ1023さん,30代,女性,5,ハマリました！この辛さと味にハマリました！またリピします！
恋歌8116さん,,,5,"初めての韓国ラーメンです&#128518;&#128518;
今から食べるのが楽しみです&#128518;&#128518;"
まぁー032973さん,40代,女性,5,まだ食べてないけど激辛そうだから期待を込めて星5つ！楽しみだな〜
購入者さん,,,4,"辛くて甘いたまに食べたくなります
お汁を少し多めにして最後ご飯と卵にチーズを入れて食べるのが大好き"
ＭＳマドンナさん,60代,女性,4,"初めて買います^ ^チーズをたっぷり入れてみようと思ってます^ ^
絶対美味しいはず&#10083;期待を込めて星4つ&#8265;"
購入者さん,,,4,"美味しかったです辛いものが好きなのでとでもおいしかったですが、辛さが物足りないと感じたので次はもっと辛い物にチャレンジしてみます。
袋もしっかりしていて、麺も茹でていてほぐれやすかったですよ。
肝心の味は甘辛で辛いだけでなく甘さや旨味もしっかり感じられました。"
購入者さん,,,5,"大好きです韓国で購入して、ハマりました。
辛いけど美味しい
癖になります"
購入者さん,,,5,"辛旨いビックリするほど辛かったです&#8252;
でも旨味があり、辛いけと旨い…を繰返し
汗と止められない涙を流しながら完食しました。
本当に本当に大満足な味でした。
辛いもので痛いと思ったのは久しぶりでした。
またリピします。"
19895142さん,20代,女性,5,甘辛くて、美味しいです。辛いもの好きな方にオススメです。
小馬0795さん,20代,女性,5,今のところ、可もなく不可もなくといったところです。満足しています
カクン4488さん,20代,男性,5,辛かったこの焼きそばは本当に辛いです、満足しました。
購入者さん,,,5,"病みつきです。ストックがないと不安になるくらい家族でハマってます。
豆乳、玉子、チーズを使ったカルボナーラ風が家族に好評です。
でも高カロリーなのでそろそろ控えなければ…と思いつつ、また注文してしまいました。"
購入者さん,,,5,"やめられない。止まらない辛いけど美味しい！いろんなバリエーションをたのしんでいます。
豆乳を使ったレッドカルボナーラ風が辛味がまろやかになり、自分も家族もハマってます。"
kikibaby1203さん,20代,女性,5,"辛かった！！とにかく！！
とろけるチーズ2枚いれたら辛さも残り食べやすくてぺろりでした&#128154;"
umiioさん,20代,女性,5,"おいしい麺がもちもちしてておいしいです
ソースは半分にして食べると美味しく食べられます！"
Junyongさん,20代,男性,5,try it入力した内容に不備があります。全角20〜1000文字で入力してください。
ruru_yuさん,40代,女性,5,"辛いけど癖になる日本のインスタントラーメンにはない刺激的な辛さと、麺のコシの強さがクセになります。
リピートしてます。
チーズと卵でまろやかにしてから食べると、"
あゆ2772さん,20代,女性,4,辛いとても辛いです でも美味しかった^_^ 又買います
購入者さん,,,4,"人気商品のようなので、気になって買ってみました。
すごく辛くてびっくりしました!!
一口食べる毎に、口の中がヒーヒーになって、ピリピリしてきます。
韓国風スパゲッティ？みたいな感じで、
甘さもあっておいしいのですが、
ちょっと辛すぎなので、リピできないです（泣）"
Ｈ-ヒロさん,40代,男性,4,辛すぎ♪辛くてパッケージの絵みたいにロから火を吹きそうでした。でも、美味しい☆
購入者さん,,,5,"ものすごい発汗作用辛いのが好きな人でも汗をダラダラ流して食べていました。ほぼ汁なしで作りましたが玉子やチーズなど色々トッピングしがいがあります。
辛いけど旨味もあるから美味しいです。"
fu-mama1108さん,20代,女性,4,"辛いー痛いーうま初めて買いました
涙がでそうになるくらい辛い
辛さに強いと思ってたけど
そんなことないみたいでしたw
美味しいからまた買います(^-^)/"
shopping勉強中さん,20代,女性,5,美味しい辛いですが、美味しいです！大満足でした！！
チヨウヤンヤンさん,20代,女性,5,美味しいです、私は辛いラーメンがすきですインタネットこのラーメン大人気、買いました。美味しいです。
Mato Nguyenさん,20代,女性,5,美味しかったです！激辛ものが好きな人にオススメです！めっちゃくちゃ美味しいです！辛いものが食べられない人にもオススメです！作る時にソースのパックの半分で使ってくださいって美味しいですよ！
購入者さん,,,5,配送が早かった辛いものが大好物で注文しました。また食べてないですがアシアで大人気のラーメンの味が期待です。
もこ1993さん,20代,女性,5,"大好き！留学中に韓国人の友人に食べさせてもらったのが始まりなんですが、最初は辛すぎて食べれませんでした。
ですが、一年たった頃に何か食べたくなってきた…ということで購入。
この辛さがクセになりますね。辛いの大好き！！
リピート確定です。"
購入者さん,,,5,"本日無事に届きました。返信できずにすみませんでした…
色々とありがとうございました。
またそのうちリピしまーす(^o^)"
購入者さん,,,5,"辛い！けどやみつき！！は噂通りでした^^ｂ
クセになる辛さですね。"
leah1127さん,20代,女性,5,メッチャ美味しい！辛い物食べたくて仕方がない〜これで満足できるわ！美味しい！
コウゴウケツさん,30代,男性,4,大満足です梱包がきれで、賞味期間も問題なかったです。
購入者さん,,,5,プルタクの方より甘みが控えめな感じで、スッキリしてます！めっちゃ美味い！！！！！辛いっっっ！！！
どれあむ☆さん,20代,女性,5,美味しい!!麺がモチモチしててとっても美味しいです！ただそのままだと私には辛すぎるので、チーズをトッピングすると丁度いいです〜またリピするかも！
こんにちワンコ3281さん,50代,男性,5,"今回はリピです。もう辛くて美味しくて病みつきかも！
リピしちゃいました。"
購入者さん,,,5,"こちらは他店舗で購入し、味見済です。
とんでもなく辛くてもうダメだと思うのですがしばらくすると不思議と食べたくなります。
中毒性があるのですかね。
今回八道のものも購入したので食べ比べが楽しみです。"
プリンセスARIELさん,40代,女性,5,辛いです。そのままだとただ超辛いラーメンなのですが、半熟たまご、チーズをトッピングするとめちゃ美味しいです。
パッチャンのママさん,40代,女性,5,"リピです！
辛いのにハマり中です。この商品はからけど甘味もあり 
わたしはチーズトッピングして食べています。"
ハイジ4709さん,50代,女性,5,"注文番号：243254-20150829-0266165232
めちゃくちゃ辛くて、めちゃくちゃ美味しいので、
リピートしてます。
辛いけど、また食べたくなるので、在庫を切らさないようにしています。"
購入者さん,,,5,大好きですハマってしまい、追加買いしてしまいました。最後に充分に水分を飛ばすよう炒めるとさらに辛さが楽しめます。日本のスーパーでは絶対売ってなさそうな激辛さです。
購入者さん,,,5,最高！激辛いの大好きなので、すごく気に入りました！韓国人の友人いわく本場韓国でも人気なようです。辛いので苦手な方は心して食べた方がよいかもしれません。好きな方ははまると思います！
talkingdollさん,20代,女性,5,辛くて美味しい辛い!! でもとても美味しい！ たべてみておすすめ！
kimi@chiさん,40代,女性,5,"辛い!!けどまた食べたくなる事間違いなし♪
辛いもの好きな友人におすそ分けしました。
多分、また買うと思います。"
knkan2525さん,40代,女性,5,"美味しい！！辛くて（痛い）少し甘めで麺は太め
辛いのが大好きで辛ラーメンの辛さでは物足らない人に
オススメです
凄く辛いけどタレ？と麺が美味しいのでリピ決定です
普通にすすって食べるとむせるので注意したほうがいいです(^^;
唇が痛くなるぐらい辛いけどクセになる味"
makemakeさん,30代,女性,5,"辛くておいしい！想像よりも辛くて大満足！！
十分な辛さと、甘辛+酸味のバランスがやみつきになります！
リピ確定です！！"
coro5621さん,50代,女性,5,"美味しい
久しぶりに、満足した辛さに会いました。いくつか同時に購入しましたが、この商品が一番辛く美味しかったです。
絶対にまた、買うと思います"
購入者さん,,,5,この度は、迅速かつ配送前のキメ細かい配慮ありがとうございます。大変満足しております。また機会がある際は、宜しくお願い致します。
購入者さん,,,5,"かっらい！辛党な私ですが、それでもソースを半分だけにしています。
マヨネーズ入れるとマイルドになります。
これはただ辛いのではなくて旨味もあるしおいしい
どこいってもなかなか売ってないのでここでリピートしてます"
購入者さん,,,5,まだまだ食べてはいませんが期待をこめて星5。。。
購入者さん,,,5,リピートです。初めて購入した時一口で辛さにハマりました。今度は具を色々試してみようと思います。
購入者さん,,,5,ハマりました！辛さがいいです！激辛好きの友人にも勧めました。
のびたねこさん,40代,女性,5,辛いです。辛いけど美味しいです。辛いのが苦手な人には無理な辛さかもしれませんが、美味しいです。
にゃんすけAさん,20代,女性,5,"夫用にすぐに届きました！
韓国の取り扱っている商品のカタログも入っていました。
今回は辛いもの好きの旦那に購入しました。辛ラーメンよりは明らかに辛いらしいです。が、普通に完食していました。美味しかったと言っていました(^^)
私は一口で、ギブアップでした笑 かなり、ピリピリしました！"
とまちゃん6512さん,40代,女性,5,大満足(*^。^*)とても速い発送でした！辛さも超辛くて(*^。^*)！パーフェクト！お気に入り店にチェックしました！
購入者さん,,,5,"やみつき甘辛くて美味しいすごい辛いけど美味しくって病みつき！
5個入りなんかあっという間に食べちゃったので箱で買わなきゃ！"
購入者さん,,,5,今まで食べた中で一番辛かったです。でも癖になる味です。
購入者さん,,,5,激辛！すごく辛いです！自分では食べれないくらい辛いので周りの辛いもの好きの人にあげています！食べたことない人はぜひチャレンジを！
購入者さん,,,5,"これはネットで買えて嬉しいです
かなり辛いの好きな人じゃないとだめかもしれません。
結構びりつくけどにおいも味もおいしいです。
あと、お店の対応がすごくよかったです。"
ハンコちゃんさん,30代,女性,5,"いちばん辛いいままで食べたインスタントの中でいちばん辛かったです。
舌がしびれるぐらい・・・・。
食べた後の爽快感がたまらなく、ただ辛いだけですが好きです。"
makemakeさん,30代,女性,5,"激辛！！辛い物は大の得意ですが、こちらは想像以上に本格的に辛くて大満足です！
どうせ辛さが足りないだろう・・と一味をかけて食べたらちょっと後悔しました(笑)
汁なしタイプの麺が大好きなので、こちらはとてもはまります！
半熟卵とモヤシをトッピングしたら合いました。炒めたキャベツも合いました。"
購入者さん,,,5,とにかく辛旨い！！この商品は今回初めて頼んでみました！ほかの方も言っている通り、とても辛いです！辛党の私には辛い＋旨いが合わさっているこの商品リピート決定です！！
sr77さん,30代,女性,4,まだ食べてませんが、汁なしも美味しそう!!と買ってみました。期待を込めて☆4
購入者さん,,,4,"激辛！！作り方がハングルで読めません。予想外。数字だけでみて作りました。
味は美味しい！麺ももちもち。ただ、辛ラーメンの何倍も辛い！！鼻水に涙流しながら食べました。でも辛すぎて噛めない(笑)"
購入者さん,,,5,チャレンジ！[受注番号] 243254-20140113-0354957323 食べた事がないのですが、激辛！に惹かれて注文しました、届くのが楽しみです！
ユナ6990さん,20代,女性,5,プルタク早く食べたいまだ届いてない５日も過ぎましたけど待ち遠いです
はな05098さん,30代,女性,4,個人的に三養のラーメンがお気に入りなのでちょっと試してみたいと思って購入しました。味がまだわからないので☆4つです。
購入者さん,,,5,リピです。やみつきです。美味しい！辛い！美味しい！辛い！と繰り返して完食してます。胃のことも考えて牛乳を飲んでから食べてます。モッツァレラチーズをのせて食べると辛味が弱まり食べやすいです。
SR.Kさん,20代,女性,5,"本場の辛さ二回目の購入です。
どうせ日本輸出用のものだろうと思いきや
韓国で販売してるものと全く同じ！
味は好きですが、辛いので
ソースは少し残してトッポギ作るときに入れたりしてます。美味しいです"
ぁーっー0127さん,20代,女性,5,"とても辛いけどヤミツキです！
またリピートさせてもらいます！"
購入者さん,,,3,"味が好みではなかった(T_T)いつも辛ラーメンを食べていて、さらに辛いというプルダックを食べたいと思っていても田舎なので辛ラーメンしか売っていなくて、ネットで買ってみました。
感想は、味が好みではなかったです。たしかに辛さはあるけど、辛いというよりも甘くてねっちょりとした感じで香りも好みではない。
スコヴィル値は辛ラーメンよりも辛いはずなのに、あまり辛く感じず残念。
唯一 麺はもちもちで辛ラーメンよりも好きかも？
追記
豆板醤やホットソースを入れてみたら、甘さが抑えられておいしく食べられました！"
りさ0670さん,20代,女性,2,大好きなのに……ハーラルのマークがありました……ハーラルと、普通のじゃ味全然違いますよね……？？？画像にもハーラルのマークなかったのでほんとうにがっかりです、5袋×5セットも買ったのに……
Casablancas2さん,20代,女性,3,"ショップの対応は良いと思います。発送は早くはないですが包装がしっかりしていて良かったです☆
プルダックは味は美味しいですが、これを食べた後必ずお腹を壊します。辛いものが大好きでよく食べるので辛いからって訳じゃないと思いますが、、何か私の身体に合わないものが入っているのかもしれません。そう思っていても美味しくて食べちゃうのですが、時間を考えて食べるようにしています。"
hanapigさん,30代,女性,3,"激辛でした！！
一口食べただけであとは…ごめんなさい。"
ヤマちゃん1001さん,60代,男性,3,辛いだけのうま味なしやはり海外生産品です。日本人の口には合いません。うま味なし。
購入者さん,,,1,泣きながら食べてる映像を見て興味を持ち注文しました。本当やばいくらい辛いです！！！！でも食べたくなるし辛いしの繰り返しでした。
Naomi♪5917さん,20代,女性,1,"届かないなぁ。4日に頼んで、
メールが来たかと思えば、
システムエラーで発送が遅れます。
またメールがきて、
今週中にはお手元に届くはずです！
待っていたが届かず、
次の週にきてしまいました。
もう12日待っています。今日は届くかな。。
初めて頼んだのに残念です。"
購入者さん,,,3,"おいしいけど辛くない味は韓国のインスタントの中でバツグンにおいしいです。
ただ、売りの辛さは・・イマイチ。"
購入者さん,,,3,"本当に辛いです。気をつけて！火を吐く辛さ。唇から舌、口の中が痛くて、汗より先に鼻水が滝のように出て来ました。辛いものは大好きですが、これは、本当に辛い！
辛すぎて、味がわかりません(;^_^A"
paiosさん,20代,男性,3,悪くはないいです。悪くはないいです。悪くはないいです。
購入者さん,,,3,辛いがおいしい初めて食べました。めっちゃ辛くて完食できません。でもおいしいです。おいしいから食べたいけど口が痛くて食べれない。ので星三つです。
プーチャン324さん,40代,女性,3,"挑戦初めて購入します。
どれだけ辛いのか今から楽しみです。"
appy0410さん,20代,女性,5,"辛い辛いけどチーズ味で
食べやすかった&#9825;"
けい1807さん,30代,女性,5,チーズうまチーズ美味しかった。辛さもいい感じだった。
2080intelさん,50代,男性,4,家に居ながら便利で楽しい楽天でのショッピング！又利用します。
hanna0509さん,30代,女性,4,"美味しい私の場合、結局自分でもチーズを入れてしまうので、よく考えたらこれより通常バージョン(黒いパッケージ)のほうを買って好きなだけチーズ入れた方がコスパはいいので星4つにしました。
カルボナーラよりこちらのほうが辛めだと思います。"
購入者さん,,,5,"食べ比べ楽しみこのシリーズが気になってたので楽しみでしかたない。
辛かった"
購入者さん,,,4,"甘辛チーズ入りじゃないブルダク炒め麺と一緒に購入しました。味の比較ですが、ノーマルのブルダク麺にチーズのコクとまろやかさが加わってとても美味しかったです。
辛さについては、パッケージの裏の通りに作るとそこまで辛くありませんでした。茹で汁を全部捨ててソースを絡めるとそれなりに辛くなりますが激辛って程ではなく、美味しく食べられました。
味が気に入ったので再購入も考えます(´∀｀)"
購入者さん,,,5,"美味しい！けどめっちゃ辛い！5.6年前に韓国にハマって、その頃からいろんな韓国ラーメンを食べました。
当時はトゥンセラーメンぐらいしか辛くて食べられないのは無いな、って思ってたんだけど・・
これもめっちゃ辛い！でもチーズがいい仕事しててとても美味しいです。
他の方のレビューに有るように、次は卵を絡めて食べてみようと思います♪
（最近食べてるのは辛ラーメンとジャジャ麺くらいで、歳取って、辛さに弱くなったのかな・・）"
購入者さん,,,4,けっこうな辛さ辛いもの大好きですが これはけっこうな辛さでした。炒麺なのでラーメンと違って辛さがダイレクトにきます。味も濃いめなのでソースの量を加減して自分好みの味で作ると良いと思います。味は辛いだけでなく旨味がしっかりあり、後からかけるチーズの粉も味をマイルドにしてくれて美味しいです。韓国語のパッケージなので作り方が読めない。作り方の和訳メモをつけて貰えるとありがたいです。
Yuka5175さん,30代,女性,5,意外に早く届きました。食べるの楽しみです&#8252;
購入者さん,,,5,配送がとても早くて助かりました。辛すぎますがそれが癖になります。
ynrrsさん,40代,女性,5,辛いものは苦手ですが…前回食べて美味しかったので、再注文しました。すごく辛いけど、美味しくて、また食べたくなる味です&#8252;
ryouha314さん,40代,男性,4,"今回も娘が食べたいと言うので購入しました。
チーズと辛さが良いようです。"
まーな8597さん,20代,女性,5,"普通のやつより
チーズ入りの方が
辛さが倍増！！！！
癖になります！！！！"
購入者さん,,,5,"美味しかったです。普通のプルタク麺は、とっても美味しいんですが、辛くて全部食べるのに時間がかかったんですが、
このチーズプルタク麺は、美味しいのはそのままで、チーズで辛さも和らぎ、ぱくぱくと美味しく
いただくことができました。
美味しかったです。
買ってよかったです。"
そらみち1575さん,30代,女性,4,"楽しみにしていました。商品の到着楽しみにしていました。
早速作って食べたいと思います。
オマケまでありがとうございました。"
購入者さん,,,4,"とても 辛いけど チーズでマイルドになります！
美味しい〜"
購入者さん,,,5,美味しい！！試しで購入したので！”ハズレ”でも良いと期待はそれほどありませんでしたが、チーズとのコラボレーション、美味しいです。”ハズレ”ではなかったので大満足です。
メイメイ鳴鳴さん,20代,女性,5,とてもおいしいですチーズも濃厚ですし辛さも足りててとってもうまいです！
購入者さん,,,5,"激辛マイルド(^^)ノーマルのプルダックポックンミョンは食べた事あったので
チーズ味が気になり購入しました！！
辛い中にもマイルドさが残りとても美味しかったです(^^)"
miu.rikiさん,50代,女性,5,辛いけど病みつき水を横に用意して食べないとヤバイです。でもなぜかまた食べたくなる味。
購入者さん,,,5,かなり辛いけどすごく美味しかったです！試しにと思い、チーズの粉末入れずに少し食べてみましたが、入れない方が好きな味でした。やみつきになる味です。
旬　ＳＨＵＮさん,50代,女性,5,"メチャ辛ですけど、また食べたくなるのが不思議です。
普段あまり水分をとらないのですが、この時だけは水をモデル並みに飲みました。(笑) パッケージも作り方もすべて韓国語表記です。"
購入者さん,,,5,"辛い想像を遥かに超える辛さ！
笑いたくなる辛さ！
これは癖になる〜"
購入者さん,,,5,大好きな商品です。普通のものも美味しいですが、チーズのほうもおいしいです。
jhj516さん,20代,男性,5,普通のプルダックよりはへーきだけどやっぱ辛いですよ
購入者さん,,,5,おいしい！韓国で食べてからずっと好きです！めっちゃ辛くて胃が熱くなります！（笑）
てるアジュマさん,50代,女性,5,思ってた通りの味でした。中々の物で満足してます。
小馬0795さん,20代,女性,5,今のところ、可もなく不可もなくといったところです。満足しています
購入者さん,,,5,美味しい美味しいです。癖になります。ペロリと食べてしまいます。
カクン4488さん,20代,男性,5,うまいチーズは感じられます！めっちゃうまいこれ。
購入者さん,,,5,リピです。とても辛くて食べた時は後悔するんですが、麺が美味しいし、辛いけど好きな味でリピしたくなるんです！マヨネーズ絡めて食べるのが好きです。
購入者さん,,,5,はじめて！辛ラーメン以外にもおいしい韓国のインスタントラーメンを探していた際に見つけて購入。とても美味しくいただけました！
umiioさん,20代,女性,5,"チーズの味がおいしいです
たしかにチーズを入れるとマイルドになりますが、それでも辛いソースは半分くらいにしています（笑）"
購入者さん,,,4,からい辛いものとチーズが好きでたのんじゃいました！
guyuanzyさん,30代,女性,5,これから食べるいろいろ種類のラーメンを買った、これから味見する。美味しいなら、まだ買います〜〜
購入者さん,,,4,"おいしそう〜テレビ番組でこちらのノーマルバージョンのカップのやつを食べてた韓国の方がいて、辛そうでおいしそうだったのでチーズ入りも一緒に注文しました！
早く食べたい！"
ぁーっー0127さん,20代,女性,5,"まだ食べていませんが期待を込めて☆5
きっと美味しいはず！"
購入者さん,,,5,甘辛い感じで、くせになる辛さで美味しかったです。
モジャモジャ46さん,30代,女性,5,"旨辛！試しに二つ購入したのですが、美味しすぎてすぐにまた注文しました。
辛過ぎる！と初めは思ってもつい箸が伸びてしまい結局完食。
さらにチーズをトッピングしたりネギやのりをかけたりしてアレンジしたりしています。
また絶対リピートします！"
みち4934さん,30代,男性,5,"焼きそば商品うけとりました！
また機会があればよろしくお願いします。
リピートしたいも思います。"
購入者さん,,,4,からいめちゃめちゃからいけど、おいしい。配送はよかったです。おまけもありがとうございます。
購入者さん,,,5,チーズと辛い物の組み合わせが好きなので購入しました。思ったよりも辛かったけど、チーズのお陰？で美味しく頂きました。癖になるかも？又購入したいと思います。
購入者さん,,,4,"チーズの風味がとてもよくおいしかったです。
子供には辛いかもしれませんがマイルドな辛さです。"
fu-mama1108さん,20代,女性,4,"うまうま3日目で来ました
普通のプルダックよりは
チーズのおかげでマイルド…
でも粉チーズついてるだけ
でも美味しいからまたリピします"
購入者さん,,,5,ユーチューブで見て食べたくなり少しマイルドなこちらも購入しました。黒よりはマイルドだけどやっぱり辛くてチーズ入れました。でも美味しいので癖になります！
manawaさん,40代,女性,4,辛いものが苦手ではありませんが、これは辛かった！！食べ終わってもしばらく口がひりひりしました。でも、また食べたいかも・・・？って思います。今度はとろけるチーズを足して食べてみます。
購入者さん,,,5,けっこう辛いです。味は、くせになります。具がないので、野菜を少し入れたら、良かったと思うくらいからかったです。
ゆかりん51Kさん,20代,女性,5,以前から気になっていたラーメンです。まだ食べてませんが、チーズで、まろやかになって、食べるのが楽しみです。
ちゃい08さん,30代,女性,5,からーい作り方はこちらで確認して作りました！辛いけど美味しいです。汗かきながら食べました笑
wini212さん,20代,女性,5,元々好きなラーメンです。既存の辛いものが苦手な方におすすめです。
購入者さん,,,5,"すごい辛いけど、すごく美味しいです。
届くのも早かったです。
無くなったら、また注文したいです。"
購入者さん,,,5,どうしても食べてみたくて購入しました。食べるのが楽しみです。
購入者さん,,,5,チーズ入りは初めてなので楽しみです。。。
購入者さん,,,5,おすすめです辛い食べ物が苦手な妻も、こちらの商品はチーズ入りなのでまろやかな味になり食べることが出来ます。とても美味しくおすすめです。
購入者さん,,,4,"美味い！チーズ無しは以前食べてたので辛さは把握してました。
チーズ入れると確かにまろやかになりますが、
やっぱり辛い（笑）
卵を入れて絡めて食べてみたら、
めちゃくちゃ美味しかったです(・∀・)
辛さは少し引くけど辛さも健在。
クセになるので、辛さに平気な方はオススメです！"
購入者さん,,,5,"今まで食べた韓国ラーメンの中で一番好きです！
一口食べただけですごくすごく辛いけど、チーズが効いているので若干マイルドさもあって食べやすい！
リピしたいです♪"
購入者さん,,,4,辛かった…昔韓国に住んでいて、プルタクは辛くて元々あまり食べられなかったのですが、チーズが入っているので食べられるかなと思い購入してみました。しかし、やはり辛くて全部食べるのに時間がかかりました。辛いのが苦手な方はやめた方が良いと思いますが、辛いのものが好きな方は美味しいと思います。
購入者さん,,,5,辛い…思ってた以上に辛かった〜(涙)  辛かったので卵をからめて食べました。
購入者さん,,,4,チーズラーメンが美味しかったので焼きそばタイプも美味しいのでは？と思い注文してみました。食べていないので４つにしました。
購入者さん,,,4,Good job クールの送料が高いｎがちょっと。。。
購入者さん,,,5,辛いけど美味しいってのを聞いててとても期待してました！やっと届いたので食べるのが楽しみです！
Mato Nguyenさん,20代,女性,4,うまーうまー辛いものが好きな私には美味かったです！また買いたいですよ！&#9825;
購入者さん,,,5,さっそく届きました！食べるのが楽しみです(*´∀｀)
aka1572さん,20代,女性,3,"食べ物が入っているとは思えない包装でしたダンボールはテープ剥がれの跡や、破れている部分があり、使い回していますというようなものでした。商品が何かの袋に包まれているならよかったのですが、中には商品がそのまま入っていました。
管理で実施しているのかは分かりませんが、商品の袋にも穴があり、密閉されているわけではありませんでした。
楽しみに注文しましたが、正直食べたい気持ちはなくなりました。
返品とかは考えていません。
潔癖が少しでもある方には向いてないかもしれませんね。"
購入者さん,,,2,期待していましたが、あまりおいしくなかったです。チーズが特に人工的すぎて無理でした。
購入者さん,,,3,"まあまあ辛かったです思っていたより辛さはありました
美味しかった"
はなん8948さん,30代,女性,3,"うーん旨辛ですが、チーズの苦味？のようなものを感じました。他の種類を食べた事がないので、他のものにも挑戦してみようと思います。
辛いものが好きな方は一度食べてみる価値ありかもです。"
購入者さん,,,3,"口に入れた時は甘辛くてチーズの味もして美味しいと思うんですがじわじわと辛さが増してきます。
私はちょっとヒリヒリして食べきれず、辛いのが好きな娘にあげちゃいました。"
購入者さん,,,3,辛くて一口食べただけで胃が熱くなります。辛ラーメンの方が辛くないです。チーズがあるから食べれると思ってましたが無理でした。
購入者さん,,,3,驚くほど辛かったけど、とても美味しかったです！
購入者さん,,,3,"美味しいけど私には辛すぎました&#128517;途中で牛乳を飲みながらじゃないと食べれなくなり、空きっ腹に食べたらお腹の中もカーッとなっているのが分かるほど 笑
辛いの大好きな方はいいと思います
甘辛いタレにチーズが美味しいです。たまになら食べたくなる！ 笑"
購入者さん,,,3,食べてないのでまだ味はわかりませんが…韓国語表記なのでちゃんと作れるか心配です(；ﾟДﾟ)
購入者さん,,,3,特典も付くし安いので、いつも利用しています。
購入者さん,,,3,すっごく辛い！でも味はいい、次食べる時はソースを加減して食べようと思います。
どんぐり10288632さん,30代,女性,5,辛いです！付属のスープを全部を入れたらとても辛かったので、2回目以降は半分にしたらとても美味しかったです！
購入者さん,,,5,美味しく食べられる辛さです注文して3日目に受け取りました。こちらのカルボだけ食べたことあったのですが普通に辛いのも食べたくて買いました。辛いの大好きなのでそんなに辛くなく美味しくいただきました。
SHILO1981さん,30代,男性,5,口は痛くなるが美味しい食べた後はしばらく舌がいたくなりますが、旨み、酸味、辛味、甘みも全てあって美味しくて病みつきになりそうです。
購入者さん,,,5,"安定の辛さと美味さで大満足です。
迅速な対応ありがとうございました^^"
購入者さん,,,4,"美味しかったです普通に美味しく頂きました。
辛さはありますが、普通に食べれるくらいです。"
購入者さん,,,5,辛いものが苦手な人だと食べるのに苦戦するくらい辛いと思いますが、辛いもの好きであればハマること間違いないと思います。辛いというより痛いという感じで、今まで食べてきたものの中でも一番口腔内への刺激が強かったです。私はすっかりリピーターでほかのシリーズも一緒にまとめ買いしております。
きさんた2938さん,,,4,"美味しい！時々無性に食べたくなるのでストックとして。
大量買でお得"
244LOVE LOVEさん,40代,女性,5,いつもの味厚いときにヒーヒーいいながら食べると本当においしいです
購入者さん,,,5,満足です！配送も予定通り包装もしっかりしていました。
y312さん,50代,男性,5,中国の研修生に、購入です。辛いのが、好きです。
購入者さん,,,5,物凄く辛いです。物凄く辛いので辛いのが苦手な方にはお奨めしませんが、癖になりはまれば定期的に食べたくなる味です。色々なお野菜等いっぱいで痛めると更に美味しかったです。。
みわ901さん,30代,女性,5,"辛ウマでした。韓国人も辛いと評判のブルダック炒め麺、購入から時間が経ってしまいましたがやっと食べることができました。
味は甘みのある辛さ、出汁感のあるしっかりした味なので、トッピングにこだわっても大丈夫です。
口の中が火事になるくらい辛いのかと思ってましたが、普通に美味しい。
ジャージャー麺ぽく食べてもいいかと思います。
私はコンビニのサラダチキンとピーマン炒めをトッピング。
辛いもの好きの友人も満足したようです。
また購入したいと思います。"
購入者さん,,,4,"丁度よい辛さ。これの2倍の辛さの物（赤い袋）は辛すぎてギブアップしましたが、こちらは一般的なレベルの激辛で求めていた丁度よい辛さでした。
麺は太縮れ麺でプルプルモチモチです。
味はあまり深みはないですが、日本の焼きそばの様に、気軽に食べられる味です。
日本語の表記が無く作り方が分からなかったので、ネットで調べました。
【作り方】鍋に600mlの水を沸騰させたら麺を入れ5分茹で、茹で汁を8サジ分程度残して余分な汁は捨て（実際は煮詰まるのであまり捨てる分は無いかも）、そこにタレを足して混ぜながら30秒程度炒める、最後に付属のフリカケをかける、との事。（※間違ってたらすみませんが、これで作れました。）"
購入者さん,,,4,"安定のうま辛さです。しっかりはっきりとした味です。
お湯を残しぎみで絡めて食べるのが好きです。
歯ごたえのある麺がいいですね。
辛いのに慣れていないと苦戦すると思いますが、韓国でおなじみのチーズをからめたり卵を割って入れるとまろやかさが足され味の相性もいいのでヒーヒー言って食べてた家族にその食べ方をお勧めしました。"
がんばろうこゆきさん,40代,女性,5,"クセになる旨い辛い旨い辛い旨いって感じです
辛いですが、甘味と辛味が絶妙"
rudi_suzukiさん,20代,男性,5,Domo arigatougozaimashita
購入者さん,,,5,よかったいつも買ってます！美味しいし安心で購入しております！ありがとうございます！
購入者さん,,,5,美味しい中国の研修生が、美味しく近くに、販売店が、無いので、購入です。
購入者さん,,,4,3度目のリピートとにかく美味しくてすぐ無くなります。前に3パック(計15袋)購入したんですが、今回も同じ数を購入しました。手違いで数が合わなかったんですがすぐに対応して頂いて感謝です。またよろしくお願いします。
購入者さん,,,5,"やみつきになりますどうしましょう？この辛さの虜です。
そのままでは十分辛すぎるので、牛乳やチーズ、たまごなどアレンジして食べるのが好きです。
家族はヒーヒーしながら食べるのが楽しみなようです。
リピのサイクルがどんどん短くなってきてるので、また購入します。"
えむおmさん,40代,男性,5,"辛さと甘さ辛いものが得意な方には辛さの奥に甘味があり、癖になります。
苦手な方にはちょっと無理かもですが一度チャレンジしてみてはいかがでしょうか。"
Gabsssさん,20代,女性,5,満足です配送が早くて、本物です。辛くて甘い。好きです。辛い物が好き人におすすめ。ありがとうございました。
購入者さん,,,5,やっぱり美味しい当日発送で次の日の午前中に届きました！辛いんだけど、なんか甘みがあってとても美味しい。前に一回食べてハマっちゃって、今回は3袋購入しました。またお願いします。
購入者さん,,,5,よいです。辛いけど、美味しいです。もっと、安いと嬉しいです。送料の金額が、安いと嬉しいです。
購入者さん,,,5,"とても良かったです！辛くて美味しいです！
辛いの苦手な旦那もご飯と一緒に食べれば食べれるって。笑
配送も早かったです。とても良かった。もっと安くして欲しいけどね。また買います^ - ^"
RmNさん,20代,男性,4,"早かった早く届いて嬉しいです。
本当に辛かったが美味しいです。"
購入者さん,,,4,"美味しかった！美味しかったです！
辛いの苦手な人にはオススメ出来ないですがw
リピートしたいです"
購入者さん,,,5,"おすすめおすすめ。
早く発送しました、
品実もいいです。"
購入者さん,,,5,色んなレビューを見ても辛さの比が分からなかったので他のものと比べると、ペヤングの激辛が食べれる方は辛さが物足りないかと思います。ジャージャー麺のような甘さが私は苦手なのですが、こちらの甘味はどちらかと言うとうま味で感じる甘さでとても美味しかったです。ヘクの方も注文したので辛さはそちらに期待したいと思います。
TともさんMさん,20代,女性,5,リピートです(^_^)大変迅速な対応をしていただき、ありがとうございました！いつも届くのが早く、嬉しいです。以前同じ商品を他のお店で購入したのですが、こちらのお店と比べられないくらい連絡、対応、発送が遅くこちらのお店がどれだけしっかりしているか実感致しました。また購入させていただきます！
TOM-Zさん,30代,男性,1,"パッケージ破損パッケージやぶれてます。
送る時に検品とかしないの？
してないんだろうね。
あ〜私こういうの結構むりなんだよな〜('A`)"
購入者さん,,,3,"早く届きました商品のパッケージが違いました。型落ちのものでしょうか？何処に説明があったのかな？味も配送期間も問題ありませんでした。小さなダンボールにパンパンに入って来ました笑笑
とりあえず、食べてみたかったのでよかったです。お友達にも分けようと思いましたがパッケージが違うからあげられないのが残念です。"
328りんりんさん,40代,女性,3,"辛い辛いお酒のおつまみに食べました！
とても、美味しく頂きました。  辛いのが大好きなので痛いくらい美味しかった"
購入者さん,,,3,"購入してすぐに商品が届きましたが、全く違うものでした。
メール連絡後、取り替えてもらいましたが、
今後は、この様な間違いが、ない様にして欲しいものです。"
himituno5252さん,20代,,3,"もうちょっと安くーこれ大好きなんです！
ただ、私の近所には全然売ってないー（新大久保にはあった）
送料も含めるとかなりの額になるから安くしてほしいです（ ;  ; ）"
購入者さん,,,5,"リピおいしいのでリピートしています
たまに無性に激辛が食べたくなります"
購入者さん,,,5,"おいしい！すごく好きでリピしています。お皿も真っ赤になるのでカップにしています＾＾；
もうこの辛さには慣れてしまいました。"
32108002さん,40代,女性,4,"辛い袋麺のポックンミョンと、少し違いました。袋麺の方が好きですが、カップは便利ですね。
もう少し安かったら沢山買いたいです。"
こほ0307さん,40代,女性,5,美味しくて病みつきです。何度もリピートしてます。
Dujnさん,40代,女性,5,辛くてとても美味しい辛くてとても美味しいです。次回は別の味を購入してみます。
購入者さん,,,4,"想像していたより、ものすごく辛い！
辛いのが好きな娘は満足でしたよ。"
購入者さん,,,5,おいしい！最初はヒーヒーいってましたが、味はおいしくてリピートしてたら辛いのはすごく辛いけど慣れてよりおいしく食べれるようになりました^^;
購入者さん,,,4,楽チン袋タイプもありますが、カップだと食べたいときに手早く作れるので重宝しています。時々無性に食べたくなるのでまとめ買いしました。
こほ0307さん,40代,女性,5,何度もリピート中の商品です。とても美味しいです。
こほ0307さん,40代,女性,5,思った通りの辛さと美味しさで何度もリピートしてます。
購入者さん,,,4,"美味しい。思っていたより辛くなかったです！
クセになる味でした。
また購入したいです。"
にっちゃママさん,40代,女性,5,美味しい。舌がぴりぴりするけど美味しいです。もうリピートしました。
購入者さん,,,5,最高辛かったのですが、すごく美味しくて購入して良かったなと思いました。
2170さん,30代,女性,4,"辛いの好きな方おすすめ！辛いだけじゃなく、味もあります！
辛さは、ペヤング焼きそばの激辛の辛さと同じくらい！
ストレスある時に辛いの食べたくなりますね。"
ねごへさん,30代,女性,5,"初めてのカップタイプ昔ブルダック炒め麺の袋のタイプを食べたときあまりにも辛くて食べるのに時間がかかったので、まず辛さが控えめなカップタイプを試してみようと思って買ってみました。
辛いものに耐性ができたのか、それとも袋タイプよりも辛さがかなり控えめなのか、辛くなくて拍子抜けしました。普通に美味しい辛めの焼きそばみたいな感じです。炒める手間もないので食べるのも楽！
次はまとめ買いしたいです。"
あまつひさん,30代,女性,5,"普通に美味しいです！某激辛焼きそばよりも、美味しくて食べやすい！
辛さを求めると人によってはきちんと【辛い！】となるかも？
個人的には辛さからくる発汗がとても爽やかな汗だったので幸せでした♪
辛いの苦手だけど試したい、そんな人は溶き卵や粉チーズ、飲み物は牛乳を準備して食べてみましょう！
また食べたいかも…次は二倍に挑戦します！！"
購入者さん,,,5,リピートお皿も真っ赤になるのでカップの方を購入しました！激辛だけどおいしい！
ゆかりん4771さん,40代,女性,4,"作り方が...作り方は携帯で調べて作りました。
結構適当でもつくれます。
個人的には袋のラーメンの方がモチモチ感があって美味しいと思います。
あたしのたくり方がちがうのかな？"
購入者さん,,,5,"からめ湯切りの部分を慎重に穴をあけないと危険！
でもおいしいです。少しお湯を残すのがおすすめ。"
msyすたさん,30代,女性,5,"辛いけどおいしい！激辛ですが癖になります。
おいしいです！発想も早くて包装もきれいで値段も安い方なので次回もここで注文したいと思います"
kohhnさん,20代,女性,5,"旨辛！！大好きなシリーズのカップ麺盤を見つけたので
これは職場で食べれる！と思い2セット購入しました。
また購入すると思います。"
購入者さん,,,5,"旨辛！！！！！韓国のカップラーメンの中で一番辛いと聞いて買ってみました！
旨辛でめちゃくちゃ美味しいです！"
購入者さん,,,5,かなり辛いですが…思ったよりもかなり辛いですが、美味しいです！今度は『箱』で買いたいと思います。
購入者さん,,,5,辛さは激辛ペヤングよりちょっと辛いかなという程度で、個人的にちょうどよかったです。湯切り方法が解らなかったのですが印のついてる部分を箸とかで穴を開ける形式なのはちょっと驚きましたがゴミが出なくて合理的だと思いました。甘辛くてまた食べたくなる味です。
購入者さん,,,3,普通にカップラなので食べやすい。作り方はネットを参考にしましたが湯切りの際、日本便利だなーと感じます。
購入者さん,,,3,"まだ届いてないので楽しみです
辛いものが好きな方に
お土産用に
購入しました
届くのが楽しみです"
ヤマちゃん1001さん,60代,男性,3,辛いがやみつきに辛いだけでうまみにかけますが、やみつきです。
舞舞ままさん,50代,男性,5,リピートしてして購入しています。一番安く購入できるので満足です。
舞舞ままさん,50代,男性,5,辛ラーメンも好きですがやはりこれは辛いけど癖になる旨さっていうやつです。リピートです。
我mamaさん,20代,女性,4,"発送メールが来なかった！！発送が少し遅いので問い合わせしたが返信が来なかった！
その後すぐに商品が届いたのでホッとしましたが…。
本当にありがとうございました！
プルダックポックンミョン最高！！！"
舞舞ままさん,50代,男性,4,"送料無料だと良いですね。辛ラーメンと一緒に今度は購入します。
唇が痛くなるくらい辛いです。"
舞舞ままさん,50代,男性,5,"送料無料にするために辛ラーメンと一緒にいつも書います。唇が痛くなるくらい辛いです。
娘は平気で食べてます。"
購入者さん,,,5,"ドハマり！何度もリピしています。
インターネットで知り興味本位で食べてみたところ本格的に辛いだけでなくきちんと美味しい出汁の味がする！という事でもうやみつきです。
インスタントでは中途半端な辛さや辛味に負けて出汁の味が死んでいたりしますがこちらの炒め麺は辛さも出汁も両方がドストライクでした。
ただ辛いものが得意ではない彼氏に出したところ一口で汗が吹き出し涙目になりながら食べていたので、辛いものが得意でない方は注意しながら食べてください。
まろやかな味を楽しみたいときは、ごま油を和えたりチーズを乗せたり卵を落としたり海苔を振ったりいろいろとアレンジして食べています。
汁なしなのも猫舌の私にはピッタリです。
スープがない分辛さと味がダイレクトに来るのが最高です。
買ったところですが、なくなったらまたリピします。"
購入者さん,,,5,辛いですが辛いラーメンですが、妙にハマります。息子もハマってしまって、２人で一箱食べてしまいました。
購入者さん,,,5,旨い！！韓国で人気のラーメンということで頂いたんですが、激辛だけど美味しくて今回購入しました。とにかく辛いし痛い！だけど旨い(*^_^*)辛いの好きな人にはオススメです。
himawari2525himaさん,30代,女性,4,想像以上の辛さどうしても食べてみたくてこちらのショップで見つけて購入しました。想像以上の辛さでした。味はとても美味しいので色々アレンジして食べています。またお願いしたいです。
U3725さん,20代,女性,5,めっちゃ美味しいです。辛いの好きならこの量でもすぐ無くなります。また買います！
trananhtung30さん,20代,男性,5,"発送が早い、
品実も大丈夫です。
おすすめます。"
ぁーっー0127さん,20代,女性,5,"美味しすぎて大人買いしてしまいました。
またお願いします"
購入者さん,,,5,特に問題なく届きました。おいしく頂いています。また頼みたいです。
購入者さん,,,4,"いいです発送も早いしよかったです。
ラーメン美味しいかったよ。"
購入者さん,,,5,ケース買いのリピです。とにかく激辛で大好き！暑い夏にはたまらないですね。今回はクーポンで更に安くなったので良かったです。
購入者さん,,,5,やっぱり辛くて美味しい!!この辛さが忘れられなくて、また注文しました。
購入者さん,,,5,辛いとにかく辛いです。辛いもの好きにはピッタリです。韓国のお土産で頂いて、この辛さが忘れられず思い切って大人買いしました。
購入者さん,,,5,美味しいお土産でもらって、はまってしまい、食べたくなって買いました！今まで食べた激辛の中で1番辛いです(ノ_＜)
購入者さん,,,2,正味期限が短い1箱なので1年位正味期限が欲しかったです。
1179光学迷彩さん,40代,男性,4,満足してくれた自分はイマイチですが、お相手が気に入ってくれたので良かった。
購入者さん,,,5,汗が出る辛さ普通の韓国のインスタントはあまり辛いと思わないのですが、これは辛くて汗が出ました。野菜などを絡めると美味しいです。
REVOLUTION HAS COMEさん,40代,女性,4,"痛辛いYouTubeでこれにチャレンジしてる動画を見て、買ってみました(o^^o)
麺は日本のインスタントより太くてモチモチしてます。
正規の作り方より長めに火を通してしまいましたが、モチモチ感は凄かったです。食べごたえがあります。
辛いと言うよりは、痛いです(*ﾟ∀ﾟ)
辛さは思ったほどではなかったけど、とにかく口の中が痛くて後半は麺をすするのが辛くなってきました(笑)。
味は美味しかったけど正直痛くて良く覚えてません^^;
美味しさよりかこの辛さがクセになるのかも知れませんね。"
購入者さん,,,5,"美味しい。どれだけ辛いんだろう・・という先入観から
怖くて食べられずにいたのですが
どうしても食べてみたくて注文をしました。
私は辛いものがすごく好き！というわけではないのですがとても美味しかったです。
１食分を食べ終わる最後の２口くらいでヒーヒーなりましたが
食べ終わってしばらくするとす〜っと口の中のヒリヒリがひいて
爽快感にかわりました。ヒリヒリもとれました。
これ以上辛いタイプはまだ美味しくいただく勇気がありませんが
この商品はゆっくり食べ切ってまたリピすると思います。"
購入者さん,,,5,太麺で量も多くて食べごたえがあります。相当辛いですが、嫌な辛さではないのでついまた食べたくなります。
購入者さん,,,5,大好き!これが好きすぎて毎日食べていたら吹き出物が出てきました。それでも食べたいけど…しばらくお休みします。
ポジティブサイクさん,20代,女性,5,"リピートです一度買ってとても好みの商品だったのでまとめてたくさん購入しました。
少し手間と時間がかかりますがそれ以上の美味しさが味わえます。
カップ麺のものとはやっぱり違います。
麺がもちもちで、こちらの方が好きです。
これを食べてる時が幸せです。"
購入者さん,,,5,"やっぱり美味しい↑↑辛い！でも、美味しい！
エゴマの葉にくるんで食べるのが大好きです♪
いつも思うのですが、スプーン8杯ってサイズは〜？（笑）お好みでいいのかな？ちなみに久々に食べたけど、中くらいのサイズのスプーン8杯は辛かった。次回はもう少し増やしてみようかな♪"
購入者さん,,,5,"クセになる辛さ！以前から気になっていたこの商品。購入してすぐ食べてみました！
一口食べて汗が止まらなく、牛乳3杯飲んで途中でチーズマヨネーズを麺にかけて食べました笑
でもこれはきっとリピすると思います。"
購入者さん,,,5,"辛うまです！以前から気になっていた商品です。
翌日配送ですぐに届きました♪さっそく食べてみましたが､けっこう辛いですね(^_^;)野菜を入れたり温泉卵と一緒に食べるのがおすすめです♪クセになる辛さです！"
購入者さん,,,5,辛い辛い痛いですがおいしい！動画サイトではブルダックチャレンジみたいなのたくさんあって、罰ゲーム的な辛さです。
購入者さん,,,5,すごく美味しい辛いのが大好きです、すごく美味しいです、次まだ来ます。
購入者さん,,,5,"くせになるこれは辛い！
唇がピリピリしてほんと辛かった。
でも、くせになりそう…"
かな110717さん,40代,女性,5,"辛いソースを半分なら大丈夫と聞いていたので半分で挑戦。
すごく辛い辛すぎて口が麻痺しました。
でも味はすごく美味しくて辛くても食べたくなる辛さ。
無くなったらまた購入したいです。"
購入者さん,,,5,"このプルダック麺は物凄く辛い
ですが一度ハマったらクセに
なる美味しさです。
またすぐにリピしたいです。"
購入者さん,,,5,やみつきになる味辛いのは人並みレベルなので食べた瞬間に口の中がヒリヒリし、しばらくは口を閉じていられない位辛いですが、この甘辛い味がやめられなくなってしまいました。激辛好きの会社の人は更に唐辛子入れて食べたそうです・・・
購入者さん,,,5,"激辛です韓国で必ず買うインスタント麺です。
辛いし痛いけど、旨辛なソースが好きでいつも涙目になりながら食べてます(*^^*)"
購入者さん,,,4,激辛！辛いもの大好きでyoutubeで知ってすぐ購入！届くのも早くて麺がもちもちでなにより激辛の激ウマ！本当にクセになります！なかなかこの辛さはない！笑 卵とチーズを入れてもまたまろやかで美味しい！欲を言えば送料がもう少し安かったらなあっ、、てくらいです！リピ買いしてます！
購入者さん,,,5,"辛いけど美味だと、うちのお客さんから大好評です。
私は激辛すぎて、三口くらいしかたべられませんが。
でも旨みを感じます。"
あ51671045さん,,,4,"動画で見て食べたくなって調べたらあったので
買ってみましたが、そんな辛くないなーと思ったら後から辛さが来て美味しかったです！
楽天様々です笑"
購入者さん,,,5,"美味しいYouTuberの方などたくさんの方が辛いと言っていて気になってました。辛いものが大好きなので購入しましたが、全然辛くなかったです笑
味は美味しかったです！"
excheonさん,20代,女性,5,"初めて注文しました。
年末の帰省にあわせて注文しましたが、希望納期に合わせていただきありがとうございました。
やっぱり日本製品にはないこの辛さが大好きです！
他の味も食べたいです。"
miki-eunhae44さん,20代,女性,4,ブルタックいつも買ってます。大好きです。
あずき3919さん,20代,女性,4,"辛い！辛いです！でも癖になる！
辛さを例えるなら…
セブンイレブンで限定発売されていた
蒙古タンメン中本の北極！？！？
位でしょうか。もう少し辛いかな？"
sayuuwさん,20代,女性,5,かなり辛いすごく辛いのを食べたくて購入、タレ全部入れました。口から火が出ました。タレは甘辛でなかなか美味しかったがとにかく辛い。さすが本場韓国のインスタント麺。辛い。辛い。タレは半分ほどいいかと。で、残りは何か野菜炒めとかに使えそうです。
購入者さん,,,5,"ありがとうございます配送も早くてすぐ届きました！
ありがとうございます。"
チェリー8849さん,30代,女性,4,とても対応が、早くて良かったですとても美味しかったです、また、きかいがあれば、リピしたいです
購入者さん,,,4,辛い辛いものが大好きですが、辛すぎて唇も口の中もピリピリ。かなり辛いものが好きじゃないと食べれないかも
r1mama03さん,20代,女性,4,"ほんとに辛い!!辛いの好きで注文してみました!
ほんとにめちゃ辛かった(>_<)
けどくせになる感じ(*´∀`)♪"
くりーむぱん！さん,40代,女性,4,"思ったよりは辛くない。辛い物が大好きな息子に頼まれて購入しました。
到着して早速作ってみました。
う〜ん…辛いけど全然平気みたいです。
みんなが辛い！辛い！と言うほど辛くないらしいです。
味も美味しいと言っていたので、辛い物が得意な人には
いいんじゃないでしょうか。"
はるなつままさん,40代,女性,5,まだ食べてないけどずっと気になっててやっと購入。楽しみです。
購入者さん,,,5,辛いものが好きな私には最高に美味しかったです
購入者さん,,,4,辛いけど食べたくなる１回食べたことがあってまた食べたいのと、友達にも食べさせたいと思って頼みました。チーズとかのせて食べてみたいと思います。
購入者さん,,,5,"とにかく辛い(^w^)辛ラーメンが大好きで、よく食べてるのですが、新しい商品にトライ！
かやくと辛いタレを入れるフツーのカップ麺ですが、他の口コミを参考にタレは半分だけにしましたが、それでもかなり辛かったです。"
購入者さん,,,4,"再購入しました。
辛いものが好きなので前回購入して結構気に入ったのでまた
購入しました。
結構辛いですが鶏肉風味で癖になる辛さです。"
購入者さん,,,4,"届いたのでさっそく食べてみました。
皆さんが書かれていた通り辛かったですが普通に美味しくいただきました。
激辛ペヤングは全然辛くなかったのですがこれは辛いと感じたので
買って食べて良かったと思いました。
もう少し辛い方が良いので次はこれにジェロキア一味をいれて食べて見たいと思います。"
ヤマちゃん1001さん,60代,男性,3,激辛？思っていたより辛くありません。正直余り美味しいとは？韓国語で書かれていて作り方が分かりません。輸入ですので。
くまきち3256さん,40代,男性,3,"辛い美味しいですが、かなり辛い。口から火が出るくらい辛かった。
チーズを入れたりしましたが、かなり辛い。たれを半分位が、ちょうどいい感じでした"
購入者さん,,,5,辛い辛いけど美味しいです。自分はスープありのがいいです。
あちゅら7990さん,20代,女性,5,"これは…これは美味しすぎる…。
辛いと言うよりは食べた瞬間ニンニクのパンチが強い！！
辛いの苦手な人は食べれるかは微妙ですけど辛いの得意＋ニンニク好きな人なら好きなはず！！
最後ご飯なんて入れてクッパにしたら…（中毒になります）
1度買ってみるのはアリかと思います☆彡.。そして19日に注文して21日に届くと言う速さ！大満足です！ありがとうございます☆"
ムニャ1130さん,40代,女性,4,良いです商品の梱包、品ぞろえ文句ありません。ただ、一緒に買った別のインアスタント麺の麺がバラバラになっていたので、星４こです。
わんこ0330さん,40代,女性,5,辛くて箸が止まります。でも、病みつきになりそうです。
Dichさん,30代,女性,5,かなり辛いと評判なので少し食べきれるか不安だったのですが、辛いだけでなくウマイです。まさにウマ辛。辛いのが得意でない方は、チーズやマヨネーズで辛さを緩和させれば美味しく食べられると思います。
購入者さん,,,5,辛いでも、普通に食べれます。もっと辛いかと思った（＾_＾）そのうちまたリピートします
購入者さん,,,5,"うまからい！インスタで食べている人を見て興味があって購入。ちょっと辛いけどいける！カルボナーラのやつより辛くなかった気がする。付属の粉末入れなかったからかな笑
ただ単に辛いんじゃなく、ちゃんと旨味がある中での辛さなのでクセになる！買って良かった。"
購入者さん,,,5,"単品で買って美味しかったのでリピートしました
ニンニク風味の激辛スープで美味しいです
買う前までは普通のプルダック麺の味のスープなら嫌だな…
と思って手を出しませんでしたが試してみて良かった(笑)
トック等、色々入れても美味しいと思う"
pero*1976さん,40代,男性,5,プルダで一番好き麺が太めでもちもちしてて日本にはない感じリピート決定
みーすけ4678さん,20代,女性,5,リピート中です送料がかかってもわざわざ購入したくなる美味さです。日本のインスタントラーメンにはないです。辛さの中に旨味もあり麺もモチモチで、いつもまとめて購入しています。炒麺よりも個人的にはこちらの方が味も辛さも好みです。
しげ6707さん,50代,男性,5,癖になる非常に辛くとても癖になる味です。リピートし、備蓄します。
ああああa4さん,20代,女性,5,"リピート味の系統は赤からに近いけど辛さが格段に違う。
通常の炒め麺よりは辛味は抑えられます。
普通のプルダックは半分しか食べれないけど、これは一食食べれる
辛いの好きなら普段食べ出来ますw"
購入者さん,,,5,"トッポキのソースみたいな甘辛い味で
黒パッケージのプルタックポックンミョンよりは
辛くないです。
美味しかったので、また購入します♪
辛ラーメンぐらい価格が安ければ良いのになー。"
購入者さん,,,2,うーーんブルダック炒め麺は食べたことあるんですが、これはベースのスープの主張が結構あって、それもなんの変哲も無いザ・インスタント！って感じの安いガラスープの味なので炒め麺の味を期待して食べると。。辛さは期待通りでした！炒め麺の方が美味しいのでリピはしないな。
1213ハチさん,40代,女性,1,"気をつけて下さい！他の袋麺より値段が高いけどレビューを見て とても美味しそうだと思い購入に至りました！
が、ハラルマークの商品が送られて来て とても残念な気分になりました！味がどれだけ違うのかは知りませんがハラルマークの商品とゆう記載はきちんとして頂きたいです！
やっぱりオリジナルの物が送られてくると思っているので期待を裏切られました！
交換対応して頂きたいです。"
aita@さん,50代,女性,3,好みでない辛さは普通タイプより辛くなく、物足りなく感じました。
bookiyoさん,50代,女性,2,味はそれなりに美味しいと思いますが、化学調味料の味がすごいです(*_*;残念です。
購入者さん,,,4,確かに辛い韓国一かどうかはわからないけど、いつも買ってるラーメンより辛いです。唇ビリビリ、鼻水ズルズルになりました。韓国ラーメンはどれも似たような味で、辛さの度合いが違うだけです。比べるとしたら、熱ラーメンよりは辛くて辛ラーメンよりは美味しいと思います。
購入者さん,,,5,夫専用に激辛に惹かれて購入。普段は某ラーメンを好んで食べる韓国人の夫が、美味しい！好みだ！といい、気づいた食べて終わっていました。リピートして、食べたいと思います。
ナマケモノ8511さん,40代,女性,4,"そんなに辛くない。
と 思ってたらジワジワきました。
でも 嫌な辛さじゃないです。
いい汗かけます。
麺もモチモチで美味しいです。"
ちんみでぶでぶさん,40代,女性,4,おおーー！辛い食べた後に口の中に纏わりつくような辛さが残りますが、決してしつこくなく、久しぶりに辛いラーメンを堪能できました。残ったスープにご飯を混ぜ卵でとじて食べてもおいしかったです。
購入者さん,,,5,"辛さと旨み！注文番号：254785-20151209-0922659104
辛ラーメンより辛いですが、ちゃんと旨みもあって美味しかったです！
今回はお試しで買ったのですが大正解でした！！
またリピしたいラーメンです！！！"
購入者さん,,,4,"刺激が足らない日々の生活に … カツ！今まで食べたインスタントラーメンの中ではピカ一の辛さです。
どちらかと言うと『罰ゲーム』的な存在です。"
購入者さん,,,5,"辛い（笑）辛さを越して苦いw
でも美味しいです！辛いのすきなかたにはいいとおもいます。唇が荒れてると危険かもです！"
にゃにゃ2211さん,20代,女性,5,"待ってます辛いものが好きなのでこのラーメンを頼みました。
まだ届いてはないのですが楽しみです。"
piisanさん,40代,女性,5,いつも新大久保で買ってました。辛いけど美味しいラーメンで気に入ってます。
購入者さん,,,5,デビューです。はまっている韓国ラーメンですので期待大です！
購入者さん,,,4,"辛い！！！とりあえず、馴染みの辛ラーメンより、辛い！！！
スープに牛乳入れて食べました。
でも、辛いのは嫌いでは無いので、たぶん、また買うと思います。
ちなみに、純然たる日本人です、刺身もワサビはたっぷり派なので、おいしいと思います。"
購入者さん,,,5,辛い！美味しい！普段から激辛大好きな私でも、汗が吹き出てて涙が出るほど辛いです！他の辛いラーメンでは物足りないと感じていたので待ってましたという感じです。卵入れるとマイルドになって食べやすいです(*^-^*)
しょーかいさん,40代,男性,5,"辛い辛い…
家族内でも比較的辛いモノ弱い自分にはキツイ辛さです。
辛いモノ好きの家族も額から汗を流しながら完食してました。
色々な辛いラーメンを食べましたが、ただ狂暴な辛味でなく
出汁の風味を感じました…すぐその後で辛味が襲って来ますが…
ご馳走様でした。"
としさんしんちゃんさん,50代,男性,5,ブルダック炒め麺佐川急便さんの配送や対応は良かったです 韓国&#127472;&#127479;ブルダックポックンミョンは東京新宿区新大久保で購入した事があるので大満足商品です&#128518;楽天カードに入ってポイントがあったのでブルダック炒め麺を選びました
asv5さん,20代,男性,4,パッケージが違うまだ食べていませんが鳥ちゃんが居ないので違う商品かと思った。メーカーが一緒なので同じだと思うけど、鳥ちゃんが居ないので不安になった。
購入者さん,,,5,"辛うまい！配送も早くとても良かったです！
そして鳥さんのイラストも可愛い！そして辛い！
麺はモチモチで癖になるうまさです！"
ともさん1029さん,40代,女性,4,"他店よりもお得だと思います。送料無料の分。
ただ、パッケージが違うハラルの仕様のブルダック炒め麺が届きました。中身は一緒だから構いませんが、人にあげたりするためにデザインかわいいのが欲しい人は要注意です。"
購入者さん,,,5,"発送が大変迅速でありがとうございます！
とても辛くて美味しい、麺ももちもちしてます。これはもうリピするしかありませんね(*￣∇￣)"
たま1845さん,40代,女性,5,ネットで話題になってて、スーパーで買いました。辛いけど、美味しくてクセになる！それで、ネットで調べてココで購入。来るの早かったし、商品も綺麗！文句ありません。また購入します！
w.x.aさん,20代,女性,5,"とにかく美味しい
かなりクセになる味です
2倍は食べるのにかなり時間かかったけどノーマルは美味しく食べれます(^q^)"
購入者さん,,,5,"とても辛くて大満足！スッキリしたい時に、野菜をたくさん入れてガッツリ食べてます。
それだけだと、とても辛くて…
でもまた食べたくなる味ですね♪"
msk1009さん,20代,女性,1,"偽物？が来ましたハラールとかいた違うパッケージのものが届きました。YouTuberで同じパッケージのものを食べている人もいるので味は同じなのでしょうか…。説明欄に書いておいた方がいいと思います。可愛い鳥のイラストのものが欲しかったです…,"
購入者さん,,,1,"写真と違うものが届いた酷評のコメントをする事に今まで抵抗がある側の人間でしたが、流石にこれは書かないとダメかなと思い書きます。参考にして頂ければと思います。
まず、この注文をするのは2度目です。
1度目は写真通りのものが届きました。
美味しくてもう一度頼もうと思い、「もう一度注文する」という機能から注文しました。
すると昨日ハラール版が届きました。
他の方のコメントにこの様なことが書かれていなかったのでここを利用し、一度使ったことで信用していたのに、完全に裏切られました。
送り返すのも面倒だったので、大人しくこのまま食べますがレビューはきっちりさせていただきます。
強いて良かった点ならば送料無料という点ですね。"
購入者さん,,,4,"楽ですねでもやっぱり鍋で作った方が断然美味しい。
面倒な時や自宅以外で食べたい時はこちらで我慢します。"
takayama7088さん,30代,女性,5,"辛い！！辛い！！
でも、とまらない！！！
大久保に行かないと、ブルダックを食べれることが難しいので、
買ってみました！
とてもおいしい！
本当の味はわかりませんが、簡単に食べれて
タレもおいしくて、ご飯にかけてたべました！
また買いました！"
購入者さん,,,4,そのままではちょっと・・恐らく想像の上を行く激辛だろうと覚悟して購入。野菜炒め、半熟卵、チーズなどを混ぜ込んでの感想ですが、辛すぎて痛いという感覚はなかったです。でも、何も足さずにソース全部入れて最後まで完食できたかは…自信ないですね。
0326ひろさん,30代,女性,5,激辛を探しててこの商品を見つけました。作り方は商品ページに書いてあったのでちゃんと出来ました。最初はそんなに辛くないと思ったんですが食べてるうちにしっかり辛くなってきて良いお買い物が出来ました！美味しかったです♪
とうふチゲさん,40代,女性,5,"どんな味だろう！辛いのはけっこう大丈夫だと思う！
味はどんなかな？
ジェジュンが食べている写真を見たので
食べてみたくて購入しました！
きっと私の好みの味！"
さーとー5177さん,40代,女性,4,辛い好き笑えます！他レビューにもあるようにバカ辛いです。作り方は全てハングルです。ソースは半分をお薦めします、残りは素麺やサリ麺に使ってみようと思います。野菜､肉､卵を入れるとうんと違って食べやすいです。
購入者さん,,,4,辛いもの好きの友達と食べましたが、辛かったです。甘さのある辛さでした。カップ焼きそばっぽいのですが、作り方がハングル表記しかなかったのでなんとなくこんな感じ？と思って作りました。（このページに作り方があるのに今気づきました。）
あや83317620さん,30代,女性,3,"う〜んめちゃくちゃ辛くて全部食べれなかった
でもとってもくせになるうまさです。"
yihuan1994さん,20代,女性,3,ただ辛いです正直に言えば、食べたら、がっかりしました。全然美味しくありません。口の中に残っているのはタダの辛さでした。
にりん8785さん,40代,女性,2,ただ辛いだけ味はあまり美味しいとか味わえずただ辛いだけ。。って感じでした。二口だべては食べれなかったです。
けい1807さん,30代,女性,5,美味しい美味しかった。でも私は普通のﾌﾟﾙﾀｯｸで充分かな。辛さを楽しめた。
f.fujimotoさん,50代,女性,4,"美味しいー！でもやっぱり辛いーー！
辛党ですが涙出ました。これ2人で半分ずつ食べる位で丁度いいかも(^w^)"
撫子87110さん,,,5,激辛を謳っているものを食べても、全然辛くない。と残念がる彼が辛い！という姿を見たくて購入しました。大成功です。普通のプルダックポックンミョンは平気でしたが、こちらは辛さで泣きながら食べてました。してやったりです。ただ辛いだけではなく本当に美味しくて、今度は自分で買うそうです。
レオにゃん3438さん,10代,女性,5,"びっくり通常のプルダックポックンミョンは食べたのですが、好奇心でこちらの2倍の辛さも食べてみたくなり購入しました｡
結論からいうと、はんぱねぇ……です｡笑""
味は通常のプルダックより、ソースの甘みが薄くなった代わりに2倍の辛さということもあり当然ながらスパイシーさが増してます笑""
何とか1つ完食しましたが、個人的には美味しく食べれるような状態ではなく、ゆっくり食べると当然からく、早く全然たべようとかき込んだら喉が焼けそうなくらい辛くて地獄でしたｗ 
胃への刺激が限界を超えたのか
翌日は朝からお腹の調子が最悪で腹痛に悩まされる1日でした｡(ﾟﾛﾟ) 
しばらくは多分トラウマで食べれないです笑"""
購入者さん,,,5,"インスタントラーメンの中では一番辛いんじゃないかと思います！
空きっ腹で食べると一日中腹痛に苦しめられます。。笑
でも辛いだけじゃなく旨味と甘味があって美味しい！
ついついリピートしてしまいます。
ただ美味しいままで食べれるのはスタンダードなプルダックかな。"
購入者さん,,,5,辛党万歳！この辛さ、はまりますね。大満足です。辛党にはオススメです。
19900671さん,20代,女性,1,違うのが届きました笑これを頼んだはずがマーラープルタック？が届きました笑 初めて頼んだのでよくわからなくて開封してしまいました。また今度頼みたいので次こそはこれが届いて欲しいです。(^^)
はまみ3995さん,40代,女性,1,"個包装に破れ！5個入りのパックで買って開けてみると1個穴が開いていました。こちらのお店に連絡しても返信がない。感じの悪いお店です。
商品は辛かったけど、慣れると美味しいです。"
購入者さん,,,3,辛いねぇ旨い♪ 出来上がった麺は焼きそばみたいに食べ 残ったスープは 卵入り雑炊にして2度美味しい。
よっちゃん06045683さん,40代,女性,5,料理をして、おいしいお出汁やスープが残ったときに、勿体ないので、サリ麺を入れて食べてます。おいしい麺ですね。
みさこちゃん(*^o^*)さん,40代,女性,5,より良いものを、お手頃価格で。韓国のインスタント麺は生麺みたいにプリっとした麺が多いので、簡単でラクなので、ジャージャー麺の素をそれにかけて食べようと 購入しました。白くて クセの無い麺でしたので、やはり鍋とかには向いてるか。ジャージャー麺の素には も少し黄色の中華麺みたいな方が良かったかな。 でもこれはコレで安いし良かった。
ケリー5055さん,30代,女性,5,安くてとてもおいしかったです。また購入したいです。
購入者さん,,,5,安いし何にでも使えるとってももっちりしていて美味しいです。チゲ鍋にも入れますが、韓国料理じゃなくてもカレーラーメンにしたり、我が家は何にでも使っています。
猫神家の一族さん,40代,女性,4,スープは付いていません。麺はもちもちしてて美味しいと思いました。
購入者さん,,,5,"便利です鍋のしめや、トッポギに入れるときに使っています。
もちもちしていてとても好きです。
値段も安いので使いやすいです。"
みしゃ7336さん,30代,女性,5,"韓国料理プデチゲ用に購入。
スープは必要ないので、これがちょうどよいのです。
プデチゲにするなら４〜5人分の鍋に2袋で十分足りますよ。"
かあさん本屋さん,30代,女性,4,スープなしの、お鍋に入れる麺だったんですね。知らずに注文したので驚きましたが可もなく不可もなくおいしかったです。
購入者さん,,,5,"常備品です。他の商品でこちらに辿り着き、今までのショップより安かったのでポチリ。
鍋後には欠かせません。
太目の麺は2人で1袋で十分です。"
購入者さん,,,4,"気になっていた可愛いパッケージで、気になっていたので購入!
色んな味が楽しめて良かったです。
ちょっと私には辛すぎたけど調節しながら食べれば美味しかったです。"
購入者さん,,,5,最高わざわざ新大久保に行って購入してたので、こちらで購入出来て良かったです。
あーちゃん3551さん,20代,女性,5,"発送が思っていたより早かったです。
クセになる辛さでまたリピしたいと思います。"
こほ0307さん,40代,女性,5,美味しくて病みつきです。何度もリピートしてます。
こほ0307さん,40代,女性,5,美味しくて病みつきです。何度もリピートしてます。
にゃろくろちさん,20代,女性,4,"ずっと、食べたかったので注文させて頂きました！
間違えて2箱頼んでしまい問い合わせた所スタッフさんの対応がとても親切で助かりました(*_ _)
また機会があれば注文したいと思います。"
購入者さん,,,5,"気になっていた味が
色々試せてよかったです！"
購入者さん,,,2,"日曜日に購入し、祝日を挟んで発送連絡を待っていたのですが連絡は無し。
金曜日まで待っていましたが、やはり連絡はなし。
お問い合わせで、いつ発送されるのかを確認するメールを入れたが返事なし。
すると、その日の夜に配達会社の方から、荷物のお届け連絡が来ました。
お忙しい中だとは思いますが、
メールの返事が欲しかったです。不安になります。
こちらのお店で購入は今後しません。"
sing 512さん,40代,女性,4,"辛そう&#8252;&#65039;
韓国語読めないので
ネットで食べ方調べ
辛いもの好きに配布しました"
m0129mさん,40代,女性,5,"超美味かったです
辛いのがやみつきになります"
ゆきぶ0229さん,30代,女性,5,"痛かった〜辛くて、汚い話ですが軽い痔になりました笑
でもクセになる味です^^また頼みます☆"
購入者さん,,,5,"美味しい日頃から激辛大好きで、ナポリタンもデスソースとかサドンデスソースを使うくらい（笑）
この商品はどのくらい辛いんだろうと思い購入しました。
届いてすぐに食べてみました。
辛いけど、韓国料理独特の甘辛でした。甘辛辛くらいかな？
でも美味しかったです。"
購入者さん,,,5,"すごく辛いです。
でも、美味しくいただきました。"
みっきゃん２さん,60代,男性,5,"一般人には辛いかも・・・娘がお試しで購入！ 辛党にはお勧めかも・・・
ホームステイしていた韓国の学生曰く『これは子宮に悪い・・・』とか(笑)
とりあえず５袋完食(笑)"
購入者さん,,,5,"ﾋｨｨｨｨｨ(ﾟﾛﾟ;ﾉ)ﾉ辛い！痛い！
こういうの求めてた！
恐らく1番辛痛いインスタント麺であろう。"
購入者さん,,,1,"もう頼みません発送が遅れているのに連絡もなく、ただただ待たされて、こちらから連絡すると発送係のミスだと言われました。絶対に食品が確保できてなかっただけだと思います。
きちんと対応していただきたかったです。
安くて良いと思っていましたが対応面でもう信用できないので頼みません。"
購入者さん,,,5,"しめに最高いつも家で韓国料理の鍋の〆にしようしています。
最高から"
購入者さん,,,5,プデチゲ用に購入です。お値段が安くビックリしました！助かりました。
購入者さん,,,5,我が家の冬の定番。初めてサリメンを知ってから我が家で鍋をする時はいつもこれを入れてます。鍋に入れるために買っているので粉末スープがついていないのが都合良いです。さっそくキムチチゲに入れて食べたいと思います。
がんばるマン１３８さん,50代,男性,5,鍋に鍋の締めには、最高です。麺だけなので、粉スープが、無駄になる事もなく経済的です。
購入者さん,,,5,今、ラポッキにハマっていて、こちらの麺が欠かせません。煮込んでも伸びないので美味しくいただけます。
ゆのゆの0308さん,30代,女性,5,"我が家は鍋のシメはこれです。
ラッポキにも使います。
かさばるしまたまとめ買いしたいです。"
森湖チャン1953さん,60代,女性,5,"森湖チャン韓国のラーメンは伸びなくて重宝してます。
スープなしですが日本のスープをスーパーで買って日本風ラーメンにしたり香味ペーストやウェイパーや鶏ガラを調整してラーメンを作ってます!!
今までスーパーで買ったサリメンと銘柄が違いましたが、このサリメンも同じく伸びなく値段も凄く安かったので叉リピート決定です！"
購入者さん,,,1,"この店は頼んだものが破損していたり、足りないと連絡しても一切連絡してこない悪質な店です。
商品は普通"
りこたんママさん,40代,女性,5,"息子の非常食辛い物好きで辛ラーメンでは物足りなくなってしまった息子用です。
店舗で買うよりも安いし、普通のスーパーでは手に入らないので助かります。
ラーメン作っているだけでむせて目に染みる辛さです。"
けんぼー88さん,20代,男性,5,"めちゃくちゃうまい！これは癖になります！
かなり辛いので、チーズと卵をかけて食べてます。また、オススメは少し多めの水を入れて調理するとちょうどいい麺の仕上がりになります！
リピート確定です。
リピート限定クーポンあれば絶対買います！"
こたんな7529さん,50代,女性,5,"刺激的な味辛いのですが一度、食べたら病みつきです。
スーパーでは売ってないので、専門のお店で買ってましたがネットで購入できるのを知り、40食一箱はリピート買いです。
ソースがもったいないので、３食分作った時はソースを2袋分、残しておいて市販の麺を買ってきて作ってます。"
@猫村さん,20代,女性,5,丁寧な対応でした幾つかメールで質問させて頂いて、その都度丁寧な返信を頂き安心して買うことが出来ました。届いた商品にも大変満足しております。
購入者さん,,,5,"美味しすぎて…辛いのが大好きでこのラーメンは最高に美味しいです&#9825;
少し高いので頻繁には買えませんが、お金に余裕がある時はまとめて買っています！
この辛さ、ホントにクセになります。"
Kyuu19970304さん,20代,女性,5,"配達は速いです配達はすごく速くて、麺も美味しかったです。
また購入したいです。"
fanniemikanさん,20代,女性,3,"四十袋買ってゆっくり食べたいと思っていましたが、まさか4ヶ月後で賞味期限切ります。
ネットで調べたら元々一年の賞味期限があるはずなのに。
一人で4ヶ月以内食べきれないから、友達にあげるしかない。"
ハイジ4709さん,50代,女性,5,"注文番号：277094-20150224-0852171310
最初は辛くなくて、美味しく食べていたのですが、
半分くらい食べたところで、めちゃくちゃ辛く、舌が痛くなりました（＾＾；）
でも、美味しいのでこれからも食べ続けると思いますが。。。
値段が高くなったので、もうこちらのショップでは
買うことはないですね。"
ｎ1121335さん,30代,女性,4,"辛すぎる（笑）レシピが分かりづらいのでネットで検索しました。
  水600mlで5分間茹で
→水を8スープン残してお湯切り
→弱火で液状スープを入れ30秒間炒め
→火を止めて、煎りゴマと刻み海苔フレークを入れよく混ぜる。
お湯はほとんど残さなくて良かったです。
しかし辛いです！最初はおいしい〜と思って食べ始めますが半分辺りから牛乳片手に休み休み。
食べ終わってもしばらくは唇がヒリヒリしてます。
でもまた食べたくなってしまうんですよね〜
おすすめの具は魚肉ソーセージ(薄切り)、刻み海苔追加です。
辛いもの好きな方はぜひ！"
yama19800728さん,30代,男性,5,くせになる味はじめは韓国料理のお店で韓国人の友達から勧められお土産としてプレゼントしてもらい食べました。美味しくてまた買いたいと思っても文字が読めず、ネットで探してやっとここにたどり着きました。最高です。また買いたいと思います。何度食べてもカラうまで、辛いのが苦手な方はヨーグルト片手に食べましょう。送料が700円位かかるので、大量買いしたほうがお得です。なぜならまた食べたくなるからです。参考までに。個人的には冷やしが好きです。
購入者さん,,,5,めっちゃ辛いです！辛党の私ですが、この焼きそばは完食まで30分かかり、麺1本1本でないと食べれません。でも病み付きになる味です。冷蔵庫で冷やすと辛みが和らぎますよ (￣一*￣)b
購入者さん,,,5,美味そう！ずっと気になってて、売っていたので買いました！辛い物大好きなので食べるのが楽しみです。発送早くてビックリしました。とても助かりました。また利用します。ありがとうございました。
購入者さん,,,5,"やっぱり美味しいです。激辛です。辛党の友人と食べました。苦手な人は、決して食べれない辛さですねぇ…
食べた後は唇がメチャクチャ痛いですよ(>_<)"
購入者さん,,,4,激辛でした。友人へのプレゼントですが、とても喜んでくれました。私は一本(1&#13213;ほど)食べましたが 無理×2でした。辛党の友人達は 美味しくて辛いから好きだと言ってました。
かおりん09290121さん,50代,女性,5,美味しいです。何時も、少し多目にお湯を残して作っています。完全な焼きそばでは無いですが、この食べ方、好きです。
購入者さん,,,4,"初購入種類別のラーメンを2つ頼みました
指定時間も遅れることなく届きました
満足してます。また利用したいと思います"
murakushi1984さん,20代,男性,5,大満足早い配送。品質も問題無し。価格も良い。今後も使っていきたい。
購入者さん,,,5,"ちょっぴり甘くて、ものすごく辛い。
辛いものが好きなので、この辛さはうれしいです！"
summerxiamiさん,20代,女性,4,辛さは確実です。辛い物好きの方は試していいでしょう。
dearkyle3380さん,40代,男性,3,"危険★危険この辛さは普通じゃないです。
ＣｏＣｏ一で５辛以上普通に食べられる人のみおススメします。
自分も韓国の辛いラーメンは好きですがこれだけは半分も食べれず諦めました。
辛らーめんより10倍は辛いと思います。
罰ゲーム用かと思いました。"
ta4033さん,40代,男性,5,値段がお手軽でしたが大変気に入りました。
はやり4106さん,50代,女性,5,やはり、これは欠かせないご飯どうしようかなー。と思うと、食べたくなり、美味しいし、簡単なので、常に家にないと困る位です。なくなる前にまた、注文したいと思います。
購入者さん,,,5,送料込みで最安値だと思いますモチっとした麺と旨辛ソースにハマりました。無くなったらまたリピします。
まき25922519さん,30代,女性,5,"からい！からさ二倍が近所に置いてなくて念願の購入です(^^)
期待通りのからさ
汗かきました"
購入者さん,,,5,"辛いこのシリーズ大好きで今回は辛さ2倍を購入しました。とても辛いです。辛いというか痛いです。けど味は本当に美味しいです。麺はもちもちで甘辛く、ただ辛いだけではないのでとてもハマります。
辛いもの好きにはオススメです。"
オズウェルさん,20代,男性,3,味が…。よくYouTubeで美味しいとか言われてますが、イマイチでした。麺は、辛ラーメンのものより太いです。その為か麺に味が染み込んでいないのと、豚ベースのダシ？がした気はしますがピリピリとした辛さは多少ありますが、そのせいで味わいが薄い。間違えてスープタイプのこの商品を購入してしまいまだ、余っているのは湯がいて炒めて試してみようと思います。
購入者さん,,,5,"頼まれ物娘がどうしても食べてみたいというので・・
辛くて最後まで食べ切れなかったようです。一度お試しあれ。"
購入者さん,,,5,これこれ！しばらく我慢していたのですが、無性に恋しくなって買いました。これこれ！この味！私は3/4タレを使って麺を作って、鍋のまま食べて残り3/4麺を残した物にご飯を足して、残りのタレをかけてから火に再度かけて少し焦げてきたら火からおろして食べるというやり方が好きです。これを麺の時からエゴマの葉で包んで食べるともう最高です！！チーズを足しても食べやすいかも♪
購入者さん,,,5,大好き!韓国のラーメンには辛さの中にきちんと旨みがあるので大好きなのですが、中でもハマっているのがこのラーメンシリーズです！何か薬でも入ってるのかな（笑）ってくらい中毒並みにハマってます。大好き!
購入者さん,,,5,まだ食べてません買ってみたけれど怖くてまだ食べていません。笑
購入者さん,,,5,満足です。辛党のあたしは大満足です&#127925;２倍っての気になって購入です〜。正解…癖になりますよ！
購入者さん,,,1,"梱包が雑やっと届いていざ開けると中身は衝撃を緩和してくれる物が一切入れられてなく案の定インスタント麺が粉々。
食べるのを楽しみにしてただけに残念
もうこちらでは頼みません"
ryu-ga924さん,40代,女性,5,"お買い得商品です！！
韓国の食べ物に今、はまってて…
鍋には最高な全て揃ってて最高ですね★"
購入者さん,,,5,"中国タンメン（春雨）を初めて食べましたが
もちもちしていておいしかったです。
トッポギ も量が多くてびっくりしました。
違う商品も一緒に買ったので、
おまけでタンメンがもう一袋入って
いたので嬉しかったです。
お得だと思います。"
購入者さん,,,5,美味しかった！結構量が入っているのに安価なのが有難い。あとわざわざ日本語のシールを貼ってくださっているのも有難い！すこし辛めだけど美味しかったです！また買います。
購入者さん,,,5,以前他のショップさんでトッポギは購入したことがあり、美味しかったのでまた購入しました。春雨がとても美味しそう！
購入者さん,,,3,激辛でした。量すごい多いです。春雨太くて美味しいです。
25まな25さん,40代,女性,5,満足辛いけど全然平気〜!!美味い!!商品が届くのが早かった
購入者さん,,,5,辛さ満足！ おいしくいただけます。激辛が大好きで期待を込めて購入！ 袋に書かれている作り方は？なのでYouTubeを参考に作りました。 肝心の味は…かなり辛い…がすごくおいしいです。ココイチの10辛は余裕ですが、このブルダック痛め麺 激辛2倍は食べた後の辛さがかなり後を引きます。 でもおいしいのでリピート購入しちゃいますね。 ちなみに湯切りするのですが、完全に湯切りしちゃうと辛さが半減しるように思います。 少し水分を残して作るのが激辛でいただくコツのようです。
購入者さん,,,5,"辛いです！
普通のプルダックも辛いほうだと思ってますが、さすが2倍。
しばらく口がヒリヒリ、でもおいしかったです。
限定品なのかな？また注文します。
かなりの辛党でないと危険だと思うので、興味本位では買わないほうがいいかもしれません。。"
みわ901さん,30代,女性,4,"凄く凄く辛い！やっと食べました！
めちゃくちゃ辛い！
痺れる辛さではないですね。
何がこんなに辛くするのか・・・
牛乳効果もない辛さでした。
しかし、最初の頃は美味しいんですよね。
美味しいけど辛い、辛いけど美味しい。
この攻防戦がやみつきになりそうです。が、友人達とラーメンパーティする予定だったのですが、賞味期限間、購入から近すぎて切れてしまったので星マイナス1です。"
購入者さん,,,5,最高！食べれる辛さで美味しかったです！また購入します！
ニーチェ・イヌビッチさん,10代,女性,5,"クセになる辛さ初めて購入しました。辛いですが、クセになります。激辛大好きな私と息子はとても気に入りました。次回は違う味をリピートしたいと思っています。
卵黄を乗せると辛みがマイルドになるのでオススメです。
日本語の説明がなかったので、ネットで作り方を調べました。レシピがあれば尚良し。"
Fumosさん,50代,女性,5,"辛い!!
でも もちもちの太麺と汁のない濃厚な味がやみつきです。
でも日本人には辛いと思います。"
may5519さん,30代,女性,5,辛い。毎回、辛すぎて無理！と思いながら食べるのですが、何故かまたリピしてしまう商品です。もう4〜5回購入してしまっています。味は美味しいので、チーズをかけて食べると辛さがおさまるのでおススメです。
購入者さん,,,5,"本当においしい！
何回も買ってます！ここのお店は
安くて配送も早いのでこれからも
利用させていただきます\( &#710;o&#710; )/
すごい辛いですがクセになる味です！！"
pinkygirlみらいさん,50代,女性,5,"美味しいです凄く辛いですが
美味しいです
辛いのが苦手な人には無理かも？"
あかりんご！812さん,10代,女性,5,病みつきになる味ですプルダック麺にハマってこちらを購入しました。激辛だけど癖になって美味しいです！また買います！
購入者さん,,,5,好きすぎるYouTubeとかで有名になったけど、そんなに食べられないほど辛いかなー？辛いだけではなく味も美味しい。ほんっとすき。
Love061さん,,,5,I love it. Very spicy.
pinkygirlみらいさん,50代,女性,5,"痛い！これは、辛いと言うより
痛かったです(*´-`)
皆んなで楽しく食べました"
購入者さん,,,5,"スゲ〜辛い強烈過ぎ！
口の中で針が刺さりまくり
でも、ヤミツキ"
on49109276さん,30代,女性,4,"発送早かったんですけど発送早かったんですけど、
中身確認したら、普通のブルダック麺がきて
びっくりしました。
でも、対応が良くてすぐ返品交換してもらったので
よかったです。
普通のブルダック麺の40袋も
購入してもよかったので
サイトに上がることを希望します^ ^"
あゆみ5433さん,,,4,美味しいお店だと200円くらいするので、送料無料でこの値段は安いほうなのかな。5袋1セットのものが8個入ってました。あと少し安くなれ！の気持ちで-☆1なので、かなり満足してます。
我mamaさん,20代,女性,4,値段が高いけどまずまず美味しいです！もう少し安いといいですね
大豆3405さん,50代,男性,5,"いつもは新大久保で買ってます。いつもは新大久保で買ってます、コチラの方が割安？
味は結構キツイですが癖になると思います。"
2080intelさん,50代,男性,4,家に居ながら便利で楽しい楽天でのショッピング！又利用します。
01050602さん,50代,男性,4,オススメします結構辛いけど、クセになる美味しさです。でもそこそこカロリーが高いので食べすぎに注意。
けい1807さん,30代,女性,3,まあまあ4倍ではないと思う。2倍と同じくらい。味はまぁまぁ美味しいと思う。
購入者さん,,,3,"クセのある味香りというか味というか少しクセがあります。好き嫌いが分かれるかもしれません。
辛さは2倍のものより辛くないです。
美味しいですがリピはちょっと考える感じです。"
購入者さん,,,5,"発送が早い！発送が早くてありがたいです！
ありがとうございます！"
購入者さん,,,5,"韓国ラーメンで1番お気に入りキムチの味がちゃんとしてコクがあってすごく美味しいラーメン。
炒め麺も美味しいけど、こっちの湯麺の方が好き！
一番好きな韓国インスタントラーメン。
激辛なので苦手な人は注意！"
244LOVE LOVEさん,40代,女性,5,いつもの味おいしくてやめられません。辛さの中に海鮮の味がします。
購入者さん,,,4,"汁なしのポックンミョンよりは辛さ度合いはやや低めな印象です。
味はやはり似た感じでかやくにもちゃんときざみのりが入っています笑
スープにはとろみがあり麺は太目でよく絡みますねー
そのおかげで食べる時にはしばらくアツアツです。
辛さももちろんあるのですが、味のベースとしての甘味がとても強く、甘辛いのが大好き！とかでないとだんだん味にしんどくなってくると思います。。甘味料？みたいな甘さですかね。結構主張してきます、冷めると特に。
（汁なしのほうがヒリヒリと辛く味の濃さもある印象です。）
家族はこちらのタンミョンのほうが辛さが抑えられているといって気に入ってズルズルと食べています^^
甘味が苦手な私はポックンミョン派です^^"
購入者さん,,,4,"注文してからすぐに発送していただき、あっという間に届きました。
ブルダックボックンミョンのカルボナーラの味が大好きなので３本ともカルボを注文。
ボックンミョンにはカルボの味付け粉末と真っ赤なソースが入っていますが、その真っ赤なソースだけだったのですね！
てっきりあのカルボ味そのものかと勘違いしてしまいました。
でも美味しくてやみつきなので重宝します。"
h.s1123さん,40代,女性,5,もう何回も頼んでいます。ここが1番安いと思いますよ？プルダックぽっくんみょんが大好きで辛さにも慣れていき足りないので追加してます！三本とも赤。
クラウス0126さん,40代,女性,5,"ありがとうございますすぐに商品届きました。
迅速な対応ありがとうございます。"
購入者28448995さん,50代,女性,5,"ヤミツキです配送手配もはやく○商品変更の連絡も素早く○
ありがとうございます。
そして、そして3種類とも超辛旨○（好みはあると思いますが）私はブレンド使いしたりもします。ハマり過ぎて毎日、毎食使ってます。今やなくては困るwなので即リピしました。"
