date,time,user_name,text,link,retweet_counts,favorite_counts
2020-03-02,23:47:23,H2_forH,오늘의 단어★ Hakzo inhalation 흡입 H2 is waiting to have an inhalation to eat 불닭볶음면. (수소는 불닭볶음면을 먹으려고 흡입을 기다리고 있다.),https://twitter.com/H2_forH/status/1234626386997870593,0,0
2020-03-02,23:45:05,kvillagetokyo,韓国コスメ「TONYMOLY」新作！激辛ラーメン불닭볶음면（ブルダックポックンミョン）コラボエディション！ https://kvillage.jp/recommended/13702 #韓国好き #韓国語 #kvillage,https://twitter.com/kvillagetokyo/status/1234625808435572736,0,0
2020-03-02,23:31:43,Go_ribs,설날에 집에 선물로 받은거에요ㅠㅠㅠ 저는 평소에 불닭볶음면같은거 먹고 살고 그렇슴다 엫...,https://twitter.com/Go_ribs/status/1234622443882332160,0,1
2020-03-02,23:26:41,myeongjjang,오늘은 왠지 불닭볶음면을 먹고싶은 ki-bun,https://twitter.com/myeongjjang/status/1234621176678252544,0,7
2020-03-02,20:53:39,hoze_6,내게 있어 계연이란...어린시절 투니버스보면서 먹던 뻥튀기 느낌이랄까. 즐거웠어...불닭볶음면같은 자극은 아니지만 소소하고...때론 달콤하고...때론 고소한...하지만 돌이켜보면 아득해서 어렴풋하게 가슴속에 남아 있는...그런 느낌이네.,https://twitter.com/hoze_6/status/1234582665212256257,1,2
2020-03-02,20:52:36,EllioTOTC,응급실딱두번가봄 어릴때 불닭볶음면처음출시된달이엇어 불닭볶음면먹고 허쉬 99프로 카카오초코우유마셨다가 속배려서응급실감 두번째 동생킥보드.. 뺏어타다가 계단옆에 자전거전용경사로에서 넘어짐 근데 손가락이 경사로손잡이에껴서 탈골되고부러졋어 우는거쪽팔려서진짜싫어하는데 아파서움,https://twitter.com/EllioTOTC/status/1234582400853667840,0,3
2020-03-02,20:10:22,Soy_source___,불면? 불닭볶음면?,https://twitter.com/Soy_source___/status/1234571771539378176,0,0
2020-03-02,19:59:48,BiBiRu_Nayo,"ㅋㅋㅋㅋㅋㅋㅋㅠ 그래두...맛있으니까 주섬주섬 먹는 것 같아요...ㅋㅋㅋㅋ 안 매운 불닭볶음면 나오면...제가 두박스 사서 한박스는 제가 먹구 한박스는 몽님 보내드릴게요ㅋㅋ(??) 몽님은 매운 거 그래도 잘 드신다니 넘 대단하셔요,,,",https://twitter.com/BiBiRu_Nayo/status/1234569112107438080,0,0
2020-03-02,19:54:22,BiBiRu_Nayo,ㅋ ㅋㅋㅋㅋㅋ불닭볶음면... 까르보나라 맛으로 처음 한 번 먹어보고 매워서 울다가ㅋㅋㅋㅋ 다시 사서 매운 소스 1/5만 넣고 먹은 기억이 끝이에요ㅋㅋㅋ 비빔면은 엉엉 울어도 다 먹는 것 같아요 매워두 맛있어서... 저는 매운 걸 좋아하는데 혀는 싫어하는 비극이 있어요ㅋㅋ,https://twitter.com/BiBiRu_Nayo/status/1234567746806898688,0,0
2020-03-02,19:24:52,won_the_game,1. 음식/요리 한식 면 요리 매운 것도 좋아하는 편 면+매움인 불닭볶음면을 좋아하는데 건강 좆창날까봐 줄임 자주하는 음식은 카레와 파스타 그리고 볶음밥 그리고 할 때마다 맛이 애매한 마라탕 매번 맛이 애매모호해서 샹궈를 해보려고 한다,https://twitter.com/won_the_game/status/1234560320703614976,0,0
2020-03-02,19:06:35,SI309_,일어나자마자 불닭볶음면 먹어야지 너무 먹고 싶당,https://twitter.com/SI309_/status/1234555719459823616,0,0
2020-03-02,19:03:52,makang25,속아파ㅜㅜㅜㅜㅜㅜㅜㅜㅜㅜㅜㅜㅜㅜㅜㅜ 불닭볶음면이 날 줘패네,https://twitter.com/makang25/status/1234555037570850816,0,0
2020-03-02,18:59:35,in_junguri,늦게 자서 후달리는 건 아닐까요? 맞는 거 같기도 허고~~~ 일찍 자자! 일찍 안 자면 나는 불닭볶음면이다 맛있겟다,https://twitter.com/in_junguri/status/1234553958221279232,0,0
2020-03-02,18:21:47,v_itamin_C,내일 일찍 일어나면 불닭볶음면 먹어야지 속 버리니까 첫 끼는 먹고 먹으려고 했는데 자꾸 늦어져서,https://twitter.com/v_itamin_C/status/1234544447112634368,0,0
2020-03-02,18:20:49,chmchm808,아 진짜 반이 맬렁뽀쟉 귀여우면서 스윗하기까지 하면 어케요!!!! 미야 뒹굴뒹굴거리다 벨 눌려서 나가봤더니 반 있는거 보구 깜짝 놀랫겠네요ㅋㅋ 헐 머야 반이 센스쟁이! 너두 나 보구싶어서 왔지!(꼭 안구 폴짝 뛰기) 그러구 둘이 머글세계에서 놀앗음 좋겠어요.. 불닭볶음면 먹어라 마법사들아(?,https://twitter.com/chmchm808/status/1234544203272577030,0,0
2020-03-02,18:13:31,JUBEAT_HEAVN,"공화춘곱배기,불닭볶음면,감동란,치즈돈까스김밥한줄 샀당 집가서 조심스럽게 제조해서 먹어야지",https://twitter.com/JUBEAT_HEAVN/status/1234542365236322304,0,0
2020-03-02,18:05:24,ssamzie9608,불닭볶음면 어떠신가요!!!,https://twitter.com/ssamzie9608/status/1234540323038121985,0,0
2020-03-02,18:04:22,sweetie_404,"1.요리 허니순살 (퍽퍽살 좋아함),뿌링클 순살,불닭볶음면(요리인가?ㅋㅋ),육회,무말랭이,감자치즈고로케,비빔밥,꿔바로우,김치볶음밥,떡갈비 와앙 배고프당",https://twitter.com/sweetie_404/status/1234540063058354176,0,0
2020-03-02,17:54:25,KMKM_1108,아 불닭볶음면 너무 국민이야,https://twitter.com/KMKM_1108/status/1234537559490842624,0,0
2020-03-02,17:51:21,hakka_i7,"아오 근데 또 에필로그에서 떡밥 개뿌리네 하,,,,,, 5장도 쏘핫스파이시코리안김치페페론치노불닭볶음면 정도의 신도이함일까요?",https://twitter.com/hakka_i7/status/1234536787105566720,0,0
2020-03-02,17:46:13,jjujulover,이렇게 맛있는 씨피를 이제야 먹어보다니 평생 진라면 순한맛만 먹다 우연히 불닭볶음면을 처음 접한 느낌이야,https://twitter.com/jjujulover/status/1234535495788449792,0,1
2020-03-02,17:40:03,CheePy_Game,앗 국물 엄청 빨게 보여서 막 불닭볶음면 같은 그런 건 줄 알앗는데 ㅋㅋㅋㅋ 그래도 이름도 컨면 소고기 버섯탕이라니 버섯도 좋아하니까 담에 보면 먹어 봐야겠어여 ㅋㅋㅋㅋㅋ 글고 위 사진을 보고 배가 고파져 저도 뭔가를 끓이는 것으로...,https://twitter.com/CheePy_Game/status/1234533942818029568,0,0
2020-03-02,17:34:26,CHAAA_cha_,불닭볶음면먹고십다 근데 밥이 없어,https://twitter.com/CHAAA_cha_/status/1234532530675601413,0,2
2020-03-02,17:31:55,its_myuniverse,#트친이주는_단어로_tmi 지금 불닭볶음면이랑 비빔면이 너무 먹고싶어요 어케,https://twitter.com/its_myuniverse/status/1234531898740731904,0,4
2020-03-02,17:23:53,KINGofJOY,컵 불닭볶음면 vs 봉지 불닭볶음면,https://twitter.com/KINGofJOY/status/1234529876637405184,0,0
2020-03-02,17:07:14,Mon_printemps0,불닭볶음면에.. 치즈 얹어서 .. 먹고싶아..,https://twitter.com/Mon_printemps0/status/1234525687450488832,0,1
2020-03-02,17:04:16,aaa22ac8,국물 칼칼해서 맛있더라구요 불닭볶음면 틈새라면 너굴히 차냥해!,https://twitter.com/aaa22ac8/status/1234524938649817092,0,1
2020-03-02,17:04:13,_chez_josephine,Kimchi power. With 핵불닭볶음면. ,https://twitter.com/_chez_josephine/status/1234524927082074112,0,0
2020-03-02,17:03:10,mone0613,차이나는 클라쓰 145회 호사카 유지 교수님 강의 보고 좋으셨던 분들은 주전장 보시길~~ 주전장 냠냠굿입니다. 고구마로 만든 핵불닭볶음면임,https://twitter.com/mone0613/status/1234524660940693504,0,0
2020-03-02,17:00:20,goso0805,그럼 불닭볶음면..? ,https://twitter.com/goso0805/status/1234523950102659072,0,0
2020-03-02,16:56:52,ovollowoll,엄마..빨리 방에 들어가...나불닭볶음면끓여먹을거야............... 키ㅣ킥,https://twitter.com/ovollowoll/status/1234523076538200064,0,0
2020-03-02,16:29:44,nahee000731,오오 :) 음 불닭볶음면 오리지널! 어떠신가여!,https://twitter.com/nahee000731/status/1234516248882380805,0,1
2020-03-02,16:28:53,wouldhavebeen,불닭볶음면 먹고 싶다. 분명 좋은 신호는 아니다.,https://twitter.com/wouldhavebeen/status/1234516036633841664,0,1
2020-03-02,16:27:04,K_YAO_17,불닭볶음면 끓엿는데 넘 매워서 응급 치즈 뿌려,https://twitter.com/K_YAO_17/status/1234515577802149896,0,1
2020-03-02,16:18:10,heng__S2,2년하고도 6개월지난 불닭볶음면을 먹어도 설사한번만 하고 끝냈던 내 장이 그 상한 곰탕먹고 죽을뻔한거 생각하면 어이업ㅈㅇㆍㄱ,https://twitter.com/heng__S2/status/1234513336097591296,0,1
2020-03-02,16:08:18,Forever_exol_48,고마워 사이다 불닭볶음면,https://twitter.com/Forever_exol_48/status/1234510853312925696,0,0
2020-03-02,15:57:49,molangbts,불닭볶음면,https://twitter.com/molangbts/status/1234508215376695296,0,0
2020-03-02,15:52:24,130613bangttsd,진짜 불닭볶음면에 매운고추 두개 송송 넣고 비엔나 넣고 우유 팩 3분의1넣고 고춧가루 조금 넣어서 볼케이노랑 먹고싶당.,https://twitter.com/130613bangttsd/status/1234506853419077632,0,3
2020-03-02,15:50:01,k_dmdrk,흐억 너무 불닭볶음면 먹고싶운 새벽이다,https://twitter.com/k_dmdrk/status/1234506252345962496,0,0
2020-03-02,15:42:02,Forever_exol_48,사이다 불닭볶음면,https://twitter.com/Forever_exol_48/status/1234504242804641795,0,0
2020-03-02,15:39:44,dong_quai_,핵불닭볶음면 먹는 왕세자,https://twitter.com/dong_quai_/status/1234503663701221376,0,2
2020-03-02,15:39:02,cherrygook_luv,불닭볶음면 이요옹,https://twitter.com/cherrygook_luv/status/1234503487439826944,0,1
2020-03-02,15:34:42,doujin_ashidy,진짜 사람들이 영화도 불닭볶음면같은것만 찾아서 너무 자극적이야 좀 사리곰탕같은 영화도 필요해,https://twitter.com/doujin_ashidy/status/1234502400825671681,0,0
2020-03-02,15:32:14,kirakiraono,불닭볶음면 저때도 잇었어 15년도 작품인뎈ㅋㅋㅋㅋㅋㅋ 5년이나 됐구나 불닭,https://twitter.com/kirakiraono/status/1234501780047663105,0,0
2020-03-02,15:21:17,701201_,불닭볶음면머겅야지,https://twitter.com/701201_/status/1234499021915377665,0,0
2020-03-02,15:18:59,day1up,맞다 비빔국수에 넣어도 좋다 박막례할머님 간장국수나 라면비빔면이나 불닭볶음면이나~~,https://twitter.com/day1up/status/1234498442178658307,0,0
2020-03-02,15:17:24,Yxh4Z,今日なんか久しぶりに불닭볶음면食べてしまった。,https://twitter.com/Yxh4Z/status/1234498045145825283,0,4
2020-03-02,15:15:55,ichi0625_,"아.. 아빠 왜 한국은 안와..,,? 불닭볶음면 알아? 불닭? 존나매운맛으로 혓바닥후두려치기전에 한국와조...",https://twitter.com/ichi0625_/status/1234497673807351809,0,0
2020-03-02,15:15:38,i_need_CNC,일찍 퇴근시켜준다 했더니 둘이서 번갈아 깨서 다시 재우느라 난리통. 해서 불닭볶음면에 물 부었다 (는 핑계),https://twitter.com/i_need_CNC/status/1234497600851603462,0,3
2020-03-02,15:03:17,Oz_blrp,"와아 저두 예전에 3주간 1일 1불닭볶음면 했다가 나중엔 맛이 안느껴져서 끊었어욬ㅋㅋㅋㅋㅋㅋ 그래도 증말 조아하는 최애라면 마라탕은 중독되면 헤어날수업다고 하더라고요.. 한동안 못벗어나실것가튼,,ㅋㅋㅋㅋㅋㅋ",https://twitter.com/Oz_blrp/status/1234494494604546048,0,0
2020-03-02,15:03:00,Pp5Z46,불닭볶음면은 도대체 어디가 맛있는지 모르겠어 사진은 얼음 꽉 채운 포도주스 #일탈 #섹계,https://twitter.com/Pp5Z46/status/1234494420738691074,0,0
2020-03-02,14:53:27,noonaheartajak,불닭볶음면 먹고 싶다,https://twitter.com/noonaheartajak/status/1234492019902500864,0,0
2020-03-02,14:48:21,KH_loverS2,불닭볶음면 먹고 싶다 ㅜ 내가 개마름맨이엇으면 당장 편의점 다녀오는데 후...,https://twitter.com/KH_loverS2/status/1234490734943715330,0,0
2020-03-02,14:46:15,Rs234504,어라? 보통 불닭볶음면과 치즈면 막 뒤엉켜서 먹는데 우와 야해...,https://twitter.com/Rs234504/status/1234490207862280195,0,1
2020-03-02,14:44:22,Gua1ngHa3i,불닭볶음면 위의 치즈가 아닐까요,https://twitter.com/Gua1ngHa3i/status/1234489731909480450,0,0
2020-03-02,14:42:41,dnjs0625,불닭볶음면먹고싶네요 내일 먹을게여,https://twitter.com/dnjs0625/status/1234489310340141056,0,1
2020-03-02,14:41:18,cooker_libre,절 견디세요 불닭볶음면이 아니라 그냥 불이지만 ,https://twitter.com/cooker_libre/status/1234488961910874113,0,0
2020-03-02,14:39:15,Gua1ngHa3i,절 견디세요 탐라에 짜파게티랑 진라면이 있으면 불닭볶음면도 하나는 있어야 할 거 아냐,https://twitter.com/Gua1ngHa3i/status/1234488442714640385,0,7
2020-03-02,14:37:27,alfzmxl_,2020 목표 불닭볶음면 소스 다 넣어서 먹기,https://twitter.com/alfzmxl_/status/1234487993085374466,1,1
2020-03-02,14:34:35,rgrgdarg,누나 팬들을 위해 19금 랩라콘을 열어라 불닭볶음면 저리가라 랩라가 나가신다 하라고,https://twitter.com/rgrgdarg/status/1234487271908208640,0,0
2020-03-02,14:33:37,mikrokosmosme,불닭볶음면이용,https://twitter.com/mikrokosmosme/status/1234487028798181377,0,0
2020-03-02,14:20:20,into_kkim,요리파괴왕 전쏘 인서타 보고 경악한 수솨진 그 뒤로 절대절대 요리 못하게 할듯 ㅋㅋㅋㅋㅋㅋ 스지나아.. 나 이제 불닭볶음면은 만들 수 이써... ...그거 컵라면이었잖아 소여나...? 으응....그래... 아니 사람이 못 하는거 한 개쯤은 있어야지... 시무룩해 하지 마아... ,https://twitter.com/into_kkim/status/1234483685673422855,2,11
2020-03-02,14:18:14,sunshine_931122,약간 까르보나라 스타일 불닭볶음면... 집 근처 편의점 다녀오까말까...넘나 귀춘한데 먹고싶다 ㅋㅋ,https://twitter.com/sunshine_931122/status/1234483157321187331,0,0
2020-03-02,14:18:11,guzzim93,핵불닭볶음면 먹는데 깜짝 놀래켜서 사레들게 해버린다 ... !! 간악한... 47러들 ... !!!,https://twitter.com/guzzim93/status/1234483143320588292,0,1
2020-03-02,14:16:47,YuJ1N__,린네님은 !! 불닭볶음면 생각납니당!!!!,https://twitter.com/YuJ1N__/status/1234482788532813825,0,0
2020-03-02,13:59:42,loveititt,불닭볶음면에다 삼각김밥 넣어서 비벼먹고싶다,https://twitter.com/loveititt/status/1234478493162823680,0,0
2020-03-02,13:53:40,like98s,언제드라 작년인가 제작년인가 불닭볶음면에 빠져가지고 하루걸러 하루 먹다가...... 위경련 온 적 잇음 ㅋㅋ 개웃겨!! 사실 안웃겨 죽는줄,https://twitter.com/like98s/status/1234476974631862272,0,3
2020-03-02,13:53:26,poddu_,불닭볶음면이요!!,https://twitter.com/poddu_/status/1234476912757526528,0,0
2020-03-02,13:52:01,like98s,물론 저는 내일 불닭볶음면을 먹을 거지만 ~,https://twitter.com/like98s/status/1234476556568813568,0,4
2020-03-02,13:48:23,sweetpotato_9,불닭볶음면이요 ,https://twitter.com/sweetpotato_9/status/1234475643208785921,0,0
2020-03-02,13:46:56,purplebts061020,51. 불닭볶음면,https://twitter.com/purplebts061020/status/1234475278186901505,0,0
2020-03-02,13:45:58,PNF_heart,? (사탕먹다 뺏기고 불닭볶음면 입에 넣어진 기분),https://twitter.com/PNF_heart/status/1234475036544651264,0,0
2020-03-02,13:41:10,asa_10101,아 불닭볶음면에 만두 싸먹고싶다,https://twitter.com/asa_10101/status/1234473827834294274,0,0
2020-03-02,13:41:08,sunnymous,불닭볶음면 왤케 하나도 안 맵냐 2배 도전 가능할거 같은걸,https://twitter.com/sunnymous/status/1234473816887189504,0,1
2020-03-02,13:33:36,NoAn_Million,로코 불닭볶음면 강제로 2봉지 먹이고싶다,https://twitter.com/NoAn_Million/status/1234471924303982592,0,0
2020-03-02,13:27:53,meumbyeol,불닭볶음면(미트소스맛)에 파마산가루 넣어먹기 ,https://twitter.com/meumbyeol/status/1234470483460083713,0,2
2020-03-02,13:26:14,Amor54021932,그렇군요? 저는 불닭볶음면이 더 매운거 같아요 저도 배지 받을려고 먹은거예요 ,https://twitter.com/Amor54021932/status/1234470067292655617,0,0
2020-03-02,13:22:41,Amor54021932,네 !! 저는 까르보를 좋아해서 까르보만 먹었는데 이번에 삼양라면이나 불닭볶음면만 사진떠서 불닭볶음면 먹었어요 ㅎ,https://twitter.com/Amor54021932/status/1234469177529757697,0,0
2020-03-02,13:15:54,TkStyles11,조카가 저녁에 불닭볶음면 해달라길래 그냥 불닭을 해주기는 좀 그래서 예전에 트위터에서 본 레시피로 불닭해줌 역시 존맛 ,https://twitter.com/TkStyles11/status/1234467467931447296,1,1
2020-03-02,13:13:17,Amor54021932,불닭볶음면 잘 먹었습니다 매웠지만 잘 버텼다고 생각합니다 ㅎ,https://twitter.com/Amor54021932/status/1234466811216683008,0,6
2020-03-02,13:12:34,ari_kmt_gyu,까르보불닭볶음면에 치즈와 계란을 묻혀서 먹어도 맵고 맵습니다. ,https://twitter.com/ari_kmt_gyu/status/1234466630689644544,0,2
2020-03-02,13:11:39,magam_chicken,나는...만든다... 뭐를?? 불닭볶음면... 달고나커피...............,https://twitter.com/magam_chicken/status/1234466400476917763,0,4
2020-03-02,13:09:05,ari_kmt_gyu,매운 음식을 먹고 나서 바로 양치질을 하는 것은 위험하네요 불닭볶음면은 맛있지만 정말 맵네요.,https://twitter.com/ari_kmt_gyu/status/1234465754050781184,0,1
2020-03-02,13:03:07,SASASAX_entpt,불닭볶음면vs짜파구리,https://twitter.com/SASASAX_entpt/status/1234464252242493443,0,1
2020-03-02,13:00:42,DamenamAqua,불닭볶음면(プルダックポックンミョン) 先ずは普通に作ってみました とは言え作り方全然読めへん ようはお湯で茹でてからフライパンで炒めながらスープとかやくを入れ茹で汁を少し加えろ と… 冷蔵庫に豚こま肉、もやし、えのきがあったんで油とニンニクで炒めてプルダックと和えました。旨し ,https://twitter.com/DamenamAqua/status/1234463643376349184,5,236
2020-03-02,12:56:24,G_FOR_MC,그래? 불닭볶음면 좋아할 것 같냐 왜...,https://twitter.com/G_FOR_MC/status/1234462562470641665,0,1
2020-03-02,12:40:40,Namiyu_Boricha,매운 거 못 먹기로 유명한 나 어쩌다 불닭볶음면에 맛 들임,https://twitter.com/Namiyu_Boricha/status/1234458600111656960,0,1
2020-03-02,12:22:30,vv0_0xx,"저녁 저녁으로 불닭볶음면을 먹었는데 핵불닭볶음면도 먹어보고 싶어요. 아 근데, 왜 먹었는데 저 배가 고픈거 같죠? 화남.. ",https://twitter.com/vv0_0xx/status/1234454029775720449,0,1
2020-03-02,12:14:53,skfmftkfkdgkwk1,"2020.03.02 불닭볶음면, 밥 한 공기, 김치나베우동, 초콜릿 1/3, 아몬드 네 개",https://twitter.com/skfmftkfkdgkwk1/status/1234452112450260994,0,0
2020-03-02,12:05:51,wlsdk_1204,음 떡볶이나 불닭볶음면은 어떤가요,https://twitter.com/wlsdk_1204/status/1234449838839746560,0,1
2020-03-02,11:59:27,mint_ddadda,짜파게티에 고추가루 팍팍 넣어서 먹고 싶었는데 마트에 동이나는 바람에 불닭볶음면을 먹었다는 오늘의 TMI,https://twitter.com/mint_ddadda/status/1234448228692586496,0,0
2020-03-02,11:55:20,kimdosalove,핵불닭볶음면 가능하십니까 ㅋㅋ,https://twitter.com/kimdosalove/status/1234447192695267328,0,0
2020-03-02,11:53:21,magam_chicken,이따 불닭볶음면이랑 달고나커피 만들어서 드링킹 해야겟ㅅ구먼 홀홀홀!,https://twitter.com/magam_chicken/status/1234446694898528256,0,2
2020-03-02,11:49:19,lol_modafi,"8. 좋아하는 음식 : 면종류(특히 불닭볶음면, 우동, 짬뽕), 초코, 튀김류(생선은 Xx)",https://twitter.com/lol_modafi/status/1234445681261043712,0,0
2020-03-02,11:47:06,1607260k,ㅋㅋ ㅋ ㅊ ㅌ ㅌㅌㅊㅌ ㅊㅌㅊㅌ라듐..김치...라듐..떡볶이 라듐치킨 라듐마라흑당버블치즈불닭볶음면,https://twitter.com/1607260k/status/1234445120302223361,0,3
2020-03-02,11:38:50,NaruTree_7,불닭볶음면 걍... 김치 수준 됐네,https://twitter.com/NaruTree_7/status/1234443039436767232,0,0
2020-03-02,11:28:58,KINGofJOY,치삼에게 불닭볶음면이란?,https://twitter.com/KINGofJOY/status/1234440556840935424,0,0
2020-03-02,11:26:41,vv0_0xx,아빠한테 불닭볶음면이 먹고 싶다거 사다달라했는데 오잉 왕창사왔어.. ,https://twitter.com/vv0_0xx/status/1234439985408937984,0,9
2020-03-02,11:20:30,nonstopho,내가 오늘 먹은 라면은? @mandrake0330 1. 비빔면 2. 삼양라면 3. 신라면 4. 불닭볶음면,https://twitter.com/nonstopho/status/1234438428940328963,0,1
2020-03-02,11:11:34,jan_childhood,인간은 같은 실수를 반복하고 나는 또 불닭볶음면을 먹었다,https://twitter.com/jan_childhood/status/1234436178239053824,0,1
2020-03-02,10:57:39,happymeaaals,"so i asked dongpyo, can you eat 불닭볶음면 (samyang) well? he said no with this cutie face ashsgsjdmkl ",https://twitter.com/happymeaaals/status/1234432679073857537,0,0
2020-03-02,10:47:53,Cho_GTan,흥분을 가라앉히세요 저는 불닭볶음면 먹을겁니다 조면 가라사데 게다가 브이앱에서 링딩동+너무너무너무 합친거 춰줌 ,https://twitter.com/Cho_GTan/status/1234430218955182082,0,0
2020-03-02,10:44:23,nummer4_jv,저는 오널 화끈하게 (라이트)불닭볶음면을 머거요 &gt;♡&lt;,https://twitter.com/nummer4_jv/status/1234429340286238720,0,0
2020-03-02,10:42:55,Eternal1S2ofCU,저는 불닭볶음면의 민족에 걸맞게 처음부터 페그오부터 권한답니다 페이트 영업 매운맛 ver.,https://twitter.com/Eternal1S2ofCU/status/1234428969870475264,0,7
2020-03-02,10:40:13,Impulse88351874,라고는 하지만 불닭볶음면 처음 먹었을 때의 충격과 비슷한 급인듯? 먹으라고 추천한 놈이 뭔 잘못이겠니. 뽐뿌질에 낚여서 사먹은 내가 호구호구지.,https://twitter.com/Impulse88351874/status/1234428289193693187,0,2
2020-03-02,10:35:10,t_chatchat,"불닭볶음면 마저 우아하게 식사하는 성현제... 그 맞은편... 같은 걸 문제 없다는 듯 먹고 있는 한유현과 그 옆에 앉아 똑같은 걸 먹으며 매워하고, 태스급들을 보며 기겁하는 그의 형...",https://twitter.com/t_chatchat/status/1234427018873319424,0,2
2020-03-02,10:32:34,thornluv,불닭볶음면엔,https://twitter.com/thornluv/status/1234426365815820289,0,0
2020-03-02,10:22:24,cereza_mxtx,사람이 어떻게 밥만먹고 살아요 불닭볶음면도 먹어야 하듯이 그런맥락임,https://twitter.com/cereza_mxtx/status/1234423808003432448,0,1
2020-03-02,10:19:29,vv0_0xx,핵불닭볶음면 먹고싶다............ 나가긴 싫다.,https://twitter.com/vv0_0xx/status/1234423073362735104,0,0
2020-03-02,10:12:14,XIU_UUU,둘다 먹으면 느끼해서 안돼.. 불닭볶음면 곁들여야지..,https://twitter.com/XIU_UUU/status/1234421245480857601,0,0
2020-03-02,09:50:28,bluechocos,오랜만에 불닭볶음면 먹으니까... 안메운데???,https://twitter.com/bluechocos/status/1234415770509037568,0,0
2020-03-02,09:50:19,dien_dth,관캐도 보고싶구 불닭볶음면도 먹고 싶어 ㅠㅠㅠ 나 오늘 먹으려고 엄청 기대했는데 복통 뭐냐구 ㅠㅠㅠ,https://twitter.com/dien_dth/status/1234415732051435521,0,0
2020-03-02,09:47:30,H2_forH,오늘의 단어★ Hakzo inhalation 흡입 H2 is waiting to have an inhalation to eat 불닭볶음면. (수소는 불닭볶음면을 먹으려고 흡입을 기다리고 있다.),https://twitter.com/H2_forH/status/1234415024061304832,0,0
2020-03-02,09:43:34,bibibig_smile,꺅 저는 불닭볶음면이랑 에어프라이기 치킨먹지롱요!!!!!,https://twitter.com/bibibig_smile/status/1234414032485879809,0,0
2020-03-02,09:40:06,__Claudel,밤새 위커맨(1973)을 봤고 내내 잤다...얼굴이 퉁퉁부음3_3(살일수도 있음) 후회막심... 불닭볶음면 먹을 예정. 영화는 어쨌든 보길 잘한 거 같음. 크리스토퍼 리의 젊은 모습을 보니 반가웠다.,https://twitter.com/__Claudel/status/1234413161412870144,0,1
2020-03-02,09:32:45,90NAC,불닭볶음면만 남고 텅빈 봉지라면코너 ,https://twitter.com/90NAC/status/1234411311263404033,0,0
2020-03-02,09:24:55,sub_madi,불닭볶음면 얼마나 맛있게요?? #에세머 #일상,https://twitter.com/sub_madi/status/1234409340083113986,0,0
2020-03-02,09:12:27,k0agdsora,불닭볶음면 ,https://twitter.com/k0agdsora/status/1234406203821682688,0,1
2020-03-02,08:28:01,saotome_saori,불닭볶음면 처먹고 우유를 마신 자의 최후 (유당불내증),https://twitter.com/saotome_saori/status/1234395021282930693,0,2
2020-03-02,08:17:31,bhlv04,까르보나라불닭볶음면에 참치마요 삼김 비벼서 처음에 소스 남겨놔야함,https://twitter.com/bhlv04/status/1234392378514870272,0,0
2020-03-02,08:13:22,udong_marry,불닭볶음면 먹고싶다,https://twitter.com/udong_marry/status/1234391333013315584,0,0
2020-03-02,07:38:46,0ssolo0,공화춘하고 불닭볶음면이랑 섞었음!ㅇㅅㅇ 이번엔 참치 안넣었다!!!ㅡㅡ 맛 훨 깔끔하고 맛있었다!! 오빠도 인정함.ㅋ 매운맛이 중화되지 않아 둘다 매운거 잘 못 먹어서 낑낑댄거 빼곤 맛자체는 있어서 잘먹음.ㅋㅋㅋ ,https://twitter.com/0ssolo0/status/1234382625424326657,0,0
2020-03-02,07:31:16,tigimjoa,면은 그냥 불닭볶음면 면이에요 그냥 라면 스파게티 좋아하시는분들은 사먹어도 될 맛이에요,https://twitter.com/tigimjoa/status/1234380740424429569,0,0
2020-03-02,07:21:02,ihih_0030,아시발 똥꼬 지혼자 불닭볶음면 쳐먹은것처럼 피나옴 빈혈올듯,https://twitter.com/ihih_0030/status/1234378165172129792,0,2
2020-03-02,06:51:15,myaji_nyakiryu,심심해서 미쳤다고 불닭볶음면 2개 삶은거에다가 스테이크 소스 부어봄 + 체다 슬라이스 치즈까지 얹어봄.. = 나름 먹을만함,https://twitter.com/myaji_nyakiryu/status/1234370667606245376,0,0
2020-03-02,06:50:18,fls13571,일주일내내 위장에 불닭볶음면을 밀어넣어도 멀쩡했는데 햄버거 하나 먹자마자 배탈나다니,https://twitter.com/fls13571/status/1234370429793386496,0,0
2020-03-02,06:28:11,dang2thedang,Lv284727 쯤 되는 불닭볶음면이 새로운 강자로 부흥할지도 몰랑...,https://twitter.com/dang2thedang/status/1234364863255703552,0,0
2020-03-02,06:24:22,Ase6890,모닝빵 사이에 치즈넣고 불닭볶음면 낑겨먹음 맛있음 아세님 심심해서 무슨 괴식을 먹는거냔 생각이 들 수 잇겟지만 맛잇음,https://twitter.com/Ase6890/status/1234363902562975745,0,3
2020-03-02,06:24:04,dokamja_,아씨 불닭볶음면 먹고싶어졋어,https://twitter.com/dokamja_/status/1234363827564580865,0,0
2020-03-02,06:15:26,TulIl_pa,何となく食べてみたくてペヤングの辛いやつ買ったんだけど、普通に口痛い。 불닭볶음면 普通に食べられるからいけると思った。,https://twitter.com/TulIl_pa/status/1234361656378974209,0,0
2020-03-02,06:14:00,Reona__west,불닭볶음면 ,https://twitter.com/Reona__west/status/1234361293047386112,0,0
2020-03-02,06:04:31,LHEE0601,오랜만에 불닭볶음면 먹었어요ㅎㅎ,https://twitter.com/LHEE0601/status/1234358909562839042,0,0
2020-03-02,05:57:46,MILKBOY_0506_,불닭볶음면을 먹을까 까르보불닭을 먹을까 ••,https://twitter.com/MILKBOY_0506_/status/1234357208336388096,0,7
2020-03-02,05:49:36,onoffstarstrm,"불닭볶음면,,, ",https://twitter.com/onoffstarstrm/status/1234355152418562050,0,2
2020-03-02,05:42:43,INLES_,불닭볶음면 먹을려고 준비 했다가 거래 하느라 잊어버림,https://twitter.com/INLES_/status/1234353420053536769,0,0
2020-03-02,05:37:36,ADTOP79,청와대 짜파구리 만들기 / 짜짜로니 불닭볶음면 조합 http://hell2612.blog.me/221833646549,https://twitter.com/ADTOP79/status/1234352133039804417,0,0
2020-03-02,05:30:28,THANKYOU_805,불닭볶음면 내 최애... 맨날 먹는 중,https://twitter.com/THANKYOU_805/status/1234350339454685189,0,1
2020-03-02,05:21:57,Laliho_FF14,나는 오늘 죽기로 결심했다. 불닭볶음면과 매운 낙지볶음밥을 하기로 마음을 먹은 것이다.,https://twitter.com/Laliho_FF14/status/1234348194517016576,0,6
2020-03-02,05:17:25,ff14_wasYN,불닭볶음면 박스로 사서 쌓아두고 먹고싶다,https://twitter.com/ff14_wasYN/status/1234347054958166016,0,0
2020-03-02,05:08:45,crazyotacu,불닭볶음면 에디션이야?,https://twitter.com/crazyotacu/status/1234344874788315136,0,0
2020-03-02,04:54:24,nutyourkai,heart palpitations sumn wrong i shouldnt have that 2x 불닭볶음면 for breakfast ://,https://twitter.com/nutyourkai/status/1234341263274471425,0,0
2020-03-02,04:49:23,tooearly__,오랜만에 불닭볶음면에 모짜렐라 한 장 올려먹었는데 진짜.. 어떡해..? 너무 맛있어..,https://twitter.com/tooearly__/status/1234340000612806656,0,1
2020-03-02,04:47:42,kare_sansui,불닭볶음면,https://twitter.com/kare_sansui/status/1234339576287596544,0,0
2020-03-02,04:46:54,9hhtBROBqZapDKN,ㅇㅏ 나 갑자기 너무 궁금하네 원펀애들 불닭볶음면 먹으면 어케될가... 잘 먹으려나? 갠적으로 금배는 기합으로 다 먹고나서 눈물 뚝뚝이었음 좋겟어 입술 다 붓고. 사이타마는 먹다포기... 제노스는 호로롭 다 먹고. 가로우는 어떨지 모르겠네.. 어떤 반응이 나오든 귀여울거같아,https://twitter.com/9hhtBROBqZapDKN/status/1234339372670976000,0,6
2020-03-02,04:28:45,means2842,불닭볶음면에 헤어나오지 못하는 K인 같은 느낌,https://twitter.com/means2842/status/1234334807816933376,0,0
2020-03-02,04:14:15,Boochuyang,집에 라이트불닭볶음면이..!!!!,https://twitter.com/Boochuyang/status/1234331159376433152,0,0
2020-03-02,04:03:21,odumi170726,오늘의 점심은 불닭볶음면!!,https://twitter.com/odumi170726/status/1234328416410718209,0,0
2020-03-02,03:43:10,Mop_ssi_,진짜 무슨 불닭볶음면이 척수대신 들어간것처럼 빡쳐서 응급하게 식물계 방문함 식물이 최고다 구근식물 화목류 만세,https://twitter.com/Mop_ssi_/status/1234323334420000768,0,7
2020-03-02,03:37:03,ttinggnine,저는오늘 불닭볶음면을 사러 일주일만에 집밖에 나갈겁니다.,https://twitter.com/ttinggnine/status/1234321798021279745,0,0
2020-03-02,03:31:47,fls13571,뭐지 야금야금 알티타네요 이거 알티하신분들 다 룬덕이니까 룬아 영업 의미 없겠지 불닭볶음면에 마늘편 볶은거 넣고 우유넣고 볶아먹으면 맛있어요,https://twitter.com/fls13571/status/1234320470456930305,4,5
2020-03-02,03:22:08,T0Zx861,불닭볶음면 어때요,https://twitter.com/T0Zx861/status/1234318043238420481,0,0
2020-03-02,03:19:45,kDjPBHz0bJuz931,아 불닭볶음면은 왜맛있는거지? 내가 닭을 좋아하고 얜 닭강정맛나는것같은데...닭이면 다 좋아하는건가? 오올~ㅋ,https://twitter.com/kDjPBHz0bJuz931/status/1234317443020967937,0,1
2020-03-02,03:08:10,ZeroWarcraft,점심은 불닭볶음면~!! (｀▽´),https://twitter.com/ZeroWarcraft/status/1234314525874065408,0,0
2020-03-02,03:08:04,cooolzzang,라이트불닭볶음면은뭐지?,https://twitter.com/cooolzzang/status/1234314503656882177,0,0
2020-03-02,02:51:04,Boochuyang,나중에 불닭볶음면 먹을까!?((먹다가사망,https://twitter.com/Boochuyang/status/1234310223797473280,0,0
2020-03-02,02:45:57,uoe9981,아 불닭볶음면 끌린다,https://twitter.com/uoe9981/status/1234308935969980417,0,1
2020-03-02,02:37:32,onigiri_Fukuro,"음.. 불닭볶음면은 그냥 그런 정도..? 까르보 한 번, 일반(?) 불닭 한 번 먹어봤는데 그 이후론 아직 안 먹어봤네욤..",https://twitter.com/onigiri_Fukuro/status/1234306819012513793,0,1
2020-03-02,02:34:52,persimmon_120,앗 그럼 불닭볶음면으로 바꾸겠습니다!!,https://twitter.com/persimmon_120/status/1234306148255195136,0,1
2020-03-02,02:25:28,kimdosalove,핵불닭볶음면은요?,https://twitter.com/kimdosalove/status/1234303783540183040,0,0
2020-03-02,02:22:53,Skoll_023,불닭볶음면 ㅜ.ㅜ 매운거 안먹다 먹어서 위가 뒤집어질려구해...그리고 예전에도 비슷한 경험있던게 떠오름... 그걸 왜 잊었지?? 그후로 매운거 안먹는다고 다짐했는데 사람은 과거를 잊는다...,https://twitter.com/Skoll_023/status/1234303129673289728,0,1
2020-03-02,02:12:30,freehanrangdang,사랑한다. 불닭볶음면 안맵게 먹는 방법을 알려주겠다. ,https://twitter.com/freehanrangdang/status/1234300519708934144,0,1
2020-03-02,02:02:33,ingong_87,소곱창 핫도그 피자 구운 치킨 간장게장 고기짬뽕 닭발 순대볶음 돼지국밥 훠궈 치즈닭갈비 마라탕 스파게티 이삭토스트 불닭볶음면 삼겹살 쌀국수 잡채 닭도리탕,https://twitter.com/ingong_87/status/1234298013561978881,3,26
2020-03-02,01:52:45,namgung_ajae,진짜 자본의 매운맛이다 ... 지금까지 본건 진라면 순한맛이었음 이건 핵불닭볶음면이다 .. ,https://twitter.com/namgung_ajae/status/1234295550125592576,0,1
2020-03-02,01:49:35,marshmallgom,뜬금없이 지도를 보고 나니까 불닭볶음면이 먹고 싶어졌어요 0ㅁ0...!!! ,https://twitter.com/marshmallgom/status/1234294749986582529,0,0
2020-03-02,01:23:02,TEnET_YHA_P,불닭볶음면 먹는 유키가 보고 싶다.,https://twitter.com/TEnET_YHA_P/status/1234288071014699008,0,1
2020-03-02,01:22:40,LYNAN0S,불닭볶음면 먹는 사요코가 보고 싶다,https://twitter.com/LYNAN0S/status/1234287976034603009,3,7
2020-03-02,01:16:12,aYtFAVtLtpRGhon,불닭볶음면이용 !!,https://twitter.com/aYtFAVtLtpRGhon/status/1234286350175625216,0,1
2020-03-02,00:53:08,Lineops1,불닭볶음면,https://twitter.com/Lineops1/status/1234280544298340353,0,0
2020-03-02,00:11:06,YQqwDCIQED6reGE,불닭볶음면.. 잘 드시나요....ㄷ..?,https://twitter.com/YQqwDCIQED6reGE/status/1234269968897691649,0,0
2020-03-01,22:59:19,bhlv04,까르보나라불닭볶음면,https://twitter.com/bhlv04/status/1234251902151323648,0,0
2020-03-01,21:31:40,imbbadoli2,"불닭볶음면두 먹고싶고,,,,,,킬바사소세지에 고슬고슬흰쌀밥도 먹구싶고,,,,,,,,,바지락칼국수에.,.,,,,,.,,,,,,,아,,,,,,,,,,!.!,!,!...!,!,..!!",https://twitter.com/imbbadoli2/status/1234229844403056640,0,0
2020-03-01,21:15:45,leehk0108,"불닭볶음면울 드시고 싶으시면 라이트판이 제일 입니다!! 불닭볶음면은 소스도 따로 팔아서 약간 매콤하게 먹고 싶을때 소량 뿌려서 드시면 좋습니다(예를 들어서 야키소바 같은데) 소스는 오리지널,핵 불닭,카르보 불닭이 있습니다",https://twitter.com/leehk0108/status/1234225838196850688,0,0
2020-03-01,21:14:43,UGHMYEGO,pls tell me yall find the 불닭볶음면 spicy too pls my mouth burns ????,https://twitter.com/UGHMYEGO/status/1234225577931857920,0,0
2020-03-01,20:51:01,your_venus,이유없이 빡쳐서 불닭볶음면 두개 끓이고싶다 아시겠어요?,https://twitter.com/your_venus/status/1234219614894080001,0,1
2020-03-01,20:16:03,jeom_yangmal,불닭볶음면에 간장계란밥을 비벼드시는건어때요,https://twitter.com/jeom_yangmal/status/1234210813776289793,0,1
2020-03-01,20:15:37,keketreasure,간장계란밥vs불닭볶음면,https://twitter.com/keketreasure/status/1234210704221032449,0,0
2020-03-01,19:58:27,H2_forH,오늘의 단어★ Hakzo inhalation 흡입 H2 is waiting to have an inhalation to eat 불닭볶음면. (수소는 불닭볶음면을 먹으려고 흡입을 기다리고 있다.),https://twitter.com/H2_forH/status/1234206385623068673,0,0
2020-03-01,19:48:20,_ddddddddy,ㅜㅜㅜㅜ성질머리드러운햄스터 아닌가여....... 완전 ㅜㅜㅜㅜㅜㅜ ㅋㅋㅋㅋㅋㅋㅋㅋㅋㅋㅋㅌㅌㅋㅋㅋㅋㅋㅋㅋㅋㅋㅋㅋ 앙앙쥬 불닭볶음면 먹방 ~1시간째~ 후루룩 후루룩,https://twitter.com/_ddddddddy/status/1234203839630176256,0,0
2020-03-01,19:45:37,NanaZBT,청게의 가장 좋은 점은 술도 못 먹고 담배도 못 피운다는 것임..그래서 고백도 야한 짓도 맨정신으로 한다는 게 정말 꼴림 캠게는 술 먹고 사고 치고 빡치면 담배 피는데 청게는 그런 거 못 하니까 얼굴이랑 귀 새빨개져서 고백하고 빡쳐봤자 불닭볶음면에 콜라나 먹을 거 같다는 게 정말 귀여움,https://twitter.com/NanaZBT/status/1234203157535707137,36,15
2020-03-01,19:42:41,Jukenibble,콘치즈 불닭볶음면 후기: 불닭볶음면에 콘칲 박살낸거 부스러기 타먹는 맛,https://twitter.com/Jukenibble/status/1234202418214309893,0,3
2020-03-01,19:24:53,lllllllllm_,불닭볶음면은 말이야 면 다 익으면 물 자작하게 남겨서 소스에 비빈 다음에 소세지도 잘라 넣고 치즈도 올려서 전자레인지에 돌려 먹어야 해,https://twitter.com/lllllllllm_/status/1234197939800526848,0,2
2020-03-01,19:23:12,lllllllllm_,불닭볶음면 먹고싶다...................................................,https://twitter.com/lllllllllm_/status/1234197514112262144,0,3
2020-03-01,19:22:13,Minzzang_9,역시 친구는 끼리끼리 라는 거야.. 불닭볶음면 끼리먹고싶ㅇ다,https://twitter.com/Minzzang_9/status/1234197266279227392,0,0
2020-03-01,19:10:39,TPll_,불닭치킨..... 불닭볶음면 그냥 먹는 동생도 맵댔음 난그냥맵찔이라뒤졋음.,https://twitter.com/TPll_/status/1234194355365113856,0,2
2020-03-01,19:05:30,bound_root,辛すぎると分かっていてまた食べたくなるな、불닭볶음면,https://twitter.com/bound_root/status/1234193060252258305,0,0
2020-03-01,18:58:17,pxxpeep,너무멋져요....... 근데저도 불닭볶음면 저렇게 한박스 사놓고 먹은적 잇어요.. 엄청편하긴하더라고요 ,https://twitter.com/pxxpeep/status/1234191242658869248,0,0
2020-03-01,18:56:26,n0n0_nn,아니 왜 장보러 나갔을 때 왤케 졸렸던거지....불닭볶음면 소스랑 중국당면 사러 갔었어야했는데.....젠장 이 멍청아...진짜,https://twitter.com/n0n0_nn/status/1234190777154039813,0,0
2020-03-01,18:32:33,for_healingg,"까르보불닭볶음면 꺼내놓고 내적갈등 9119번하는중,,, 먹을까말까...",https://twitter.com/for_healingg/status/1234184769295962119,0,2
2020-03-01,18:10:27,gegenpapst1494,분명히 스트리밍사이트를 쓰면..싼데.... 그 있잖아요 영화 12개씩 지를 때의 짜릿함이요..그걸 못잃어서 제가... ㅋㅋㄱㅋㄱㄱㅠㅠㅜㅋㄱㄱㄱ재미는..재미는 있을텐데요 진짜 괜찮을지모르겠네요 아악 ㅋㅋㄱㅋㄱ하지만 원래 진라면이 신라면되고 신라면이 불닭볶음면 되는거아니겠습니까..,https://twitter.com/gegenpapst1494/status/1234179208890372097,0,0
2020-03-01,17:55:52,2sec_0,불닭볶음면 먹방하는 코니벨,https://twitter.com/2sec_0/status/1234175538878533633,0,0
2020-03-01,17:53:50,utaukrang,아..낮에 불닭볶음면 먹지 말 걸 탈나서 이게 뭔 꼴이람 자야하는데,https://twitter.com/utaukrang/status/1234175023255973888,0,1
2020-03-01,17:48:08,keketreasure,불닭볶음면이 땡기는걸 참고 12시부터 잤는데 푹잔 느낌이지만 3시도 안됐을때,https://twitter.com/keketreasure/status/1234173592503341056,0,1
2020-03-01,17:42:18,dlcmah16,막 선물로 틈새라면에 공화촌 컵라면에 불닭볶음면... 이런거 나올텐데 다저씨 암살할 암살계혁 아닙니다. 매운 떡뽁이도 있는데 암살하려는거 아닙니다. 암살 아녜요....,https://twitter.com/dlcmah16/status/1234172122118774784,0,1
2020-03-01,17:37:44,Lineops1,불닭볶음면,https://twitter.com/Lineops1/status/1234170974401990656,0,0
2020-03-01,17:32:28,Scotch_revive,불닭볶음면에 참치마요삼각김밥,https://twitter.com/Scotch_revive/status/1234169647642988544,0,1
2020-03-01,17:06:02,wall_rkid,불닭볶음면,https://twitter.com/wall_rkid/status/1234162994960982018,0,0
2020-03-01,16:57:12,zzlLF__S2,불닭볶음면 !!!!,https://twitter.com/zzlLF__S2/status/1234160772260876288,0,1
2020-03-01,16:51:31,fls13571,세월의 돌은 핵불닭볶음면 태양의 탑에 비하면 신라면이죠,https://twitter.com/fls13571/status/1234159341680201729,1,1
2020-03-01,16:49:30,mary_daily_,"8. 좋아하는 음식: 이건 너무 많은데...ㅋㅋㅋㅋ 못 먹는 것두 거의 없고 웬만한 건 다 좋아해요 그래도 특별히 좋아하는 건 연어초밥, 까르보 불닭볶음면, 뿌링클 치킨과 치즈볼, 치즈 듬뿍 얹은 떡볶이 등등... (행복)",https://twitter.com/mary_daily_/status/1234158835813601280,0,0
2020-03-01,16:48:28,fls13571,룬의 아이들 윈터러 - 불닭볶음면 룬의 아이들 데모닉 - 까르보 불닭볶음면 태양의 탑 - 핵 불닭볶음면,https://twitter.com/fls13571/status/1234158575297019905,189,33
2020-03-01,16:44:18,gonanbus,어디에서도 구할 수 없는 불닭볶음면 컬러링북+bic키즈 12색 색연필 이건 택배비만 받고 보내줌 이제 이거 불닭볶음면 컬러링북 보여주면 맵덕 인증 뚝딱되는거임 ,https://twitter.com/gonanbus/status/1234157526280589313,0,4
2020-03-01,16:44:08,Persia_Leo,한국에서 찜질방 체험하다가 불가마에 들어가게 된 바질캠벨 새콤달콤한 비빔면과 불닭볶음면을 헷갈려버린 바질캠벨,https://twitter.com/Persia_Leo/status/1234157485771984896,0,0
2020-03-01,16:35:50,KO91FAimBEJYZAU,이런 맛있는걸 받고 준 선물이 불닭볶음면이라니 미안해지는걸.. 우유 꼭 챙기고 스프 반만 넣으시길 ㅠ.ㅠ,https://twitter.com/KO91FAimBEJYZAU/status/1234155397486743553,0,0
2020-03-01,16:29:39,amai_apple234_d,아니 분명 어제 오후에 엄마가 불닭볶음면 사오신거 본거같은데 근데 암만 찾아도 보이질않음 꿈이엇나???,https://twitter.com/amai_apple234_d/status/1234153838703046656,0,4
2020-03-01,16:27:29,gysy_013,불닭볶음면 에셈알 보고있어요...,https://twitter.com/gysy_013/status/1234153294508879872,0,0
2020-03-01,16:26:57,hakunyan890,치즈 불닭볶음면 맛있어요,https://twitter.com/hakunyan890/status/1234153161834647552,0,1
2020-03-01,16:24:53,zo_simhae,"그뒤로 맨날천날 싸돌아다니던게 집에 딱 붙어있고 늘 뒷통수에 시선 주다가 눈 피하질않나., 불닭볶음면같은거 외 먹어 으;하더니 먼저 나서서 끓여주고하니까 기분이상한 욯안",https://twitter.com/zo_simhae/status/1234152638226165760,0,1
2020-03-01,16:09:28,gpals6368,불닭볶음면을 먹었습니다!,https://twitter.com/gpals6368/status/1234148760508198918,0,0
2020-03-01,16:04:54,rockver_ricaac,불닭볶음면이 땡기네요 불닭컵 스트링치즈(너무 비싸면 라면치즈) 참마삼김 살래요,https://twitter.com/rockver_ricaac/status/1234147611726102529,0,0
2020-03-01,16:03:56,lovemiku7610,핵불닭볶음면,https://twitter.com/lovemiku7610/status/1234147367730860032,0,0
2020-03-01,16:02:14,MUNO_7632,나는 마라탕1단계먹고 죽을뻔해서 내 친구가 체하고 배 터져가면서 내꺼 다 먹어주고ㅠㅠㅠ 나는 불닭볶음면 소스 반만넣어도 못먹고ㅠㅠㅠ한입먹고 죽을뻔하고ㅠㅠㅠ어쩔때는 신라면도 맵고ㅠㅠ(설움폭팔2),https://twitter.com/MUNO_7632/status/1234146938628345858,0,1
2020-03-01,16:02:06,Golvat_96,저 이 글 보고 불닭볶음면 끓이는중,https://twitter.com/Golvat_96/status/1234146906877546496,0,1
2020-03-01,16:01:20,zo_simhae,빨래 다 널고 바구니 읏챠 들고 뒤도는데 애새끼 아침밥에 약을 타먹엇나 멍때리고있어서 ??되는 욯안이 야 조쿵연 내가 빨래 널엇으니가 니 빨 가서 라면 끓여 형아 불닭볶음면 먹고싶으시다 이러는데 계속 암말없이 빤히 보기만해서 약간 걱정할듯 야 쿵연아 어디아파?(눈치,https://twitter.com/zo_simhae/status/1234146712307916802,0,1
2020-03-01,15:58:04,doeun4405,아유ㅠㅠㅠ 원호가 저렇게 팬바보라구요ㅠㅠ 하얀님!불닭볶음면 맛있겠어요 진짜 전..참깨라면이랑꼬꼬면 있눈뒈...,https://twitter.com/doeun4405/status/1234145893143597056,0,0
2020-03-01,15:55:49,clifer06,이거 어때? 불닭볶음면 정도의 매움?,https://twitter.com/clifer06/status/1234145323871637504,0,0
2020-03-01,15:31:43,Dear_chungha29,불닭볶음면먹으면서스밍하는중 #달과_별이_함께한_1000일 으윽야식은살찐드아아아,https://twitter.com/Dear_chungha29/status/1234139262020309000,7,8
2020-03-01,15:25:21,_Moon_Style_,오늘 야식도 불닭볶음면~ ,https://twitter.com/_Moon_Style_/status/1234137656340017152,0,2
2020-03-01,15:13:05,jellyBBH_506,아까 불닭볶음면 먹었더니 피곤해ㅠㅠ,https://twitter.com/jellyBBH_506/status/1234134571353923584,0,0
2020-03-01,15:11:26,HerewithSf9,불닭볶음면 먹으면 위장에 불이나는인간이라ㅜㅜㅜㅜ투유님은 매운거 잘드시나요?,https://twitter.com/HerewithSf9/status/1234134153974599688,0,0
2020-03-01,15:09:17,doyouknownokcho,불닭볶음면 먹고싶다,https://twitter.com/doyouknownokcho/status/1234133616281522179,0,0
2020-03-01,15:06:13,hwi731,불닭볶음면 추천드립니다ㅎㅎ,https://twitter.com/hwi731/status/1234132843950817282,0,0
2020-03-01,14:56:15,TikaLover_,불닭볶음면 먹고싶다!!!,https://twitter.com/TikaLover_/status/1234130334792347649,0,3
2020-03-01,14:50:04,M1N1MON1,불닭볶음면얘기하니까...먹고싶어 지금 있는데 어떡해 먹고싶다,https://twitter.com/M1N1MON1/status/1234128777627627521,0,0
2020-03-01,14:47:54,jssi38,아무말대잔치하기전불닭볶음면이 #지금나의삶_상병_윤우주지룽 매우먹고싶고집밖로나가고싶습니다,https://twitter.com/jssi38/status/1234128231885762560,0,0
2020-03-01,14:42:43,JAN___xx29,불닭볶음면 먹는 메이시 매워하긴 하는데 평범히 맛있게 잘 먹는 아라타와 가미 먹을때는 별말없이 음 좀 맵네! 하다가 갑자기 젓가락 떨어트리고 쓰러지는 마모루 한젓갈당 물한모금 신 혀에 감각이 없어뵈는 유우나,https://twitter.com/JAN___xx29/status/1234126930548379648,0,2
2020-03-01,14:29:15,Alice_0423_,불닭볶음면!,https://twitter.com/Alice_0423_/status/1234123541311655939,0,1
2020-03-01,14:23:53,GORING_0910,불닭볶음면,https://twitter.com/GORING_0910/status/1234122189655293952,0,0
2020-03-01,14:18:45,Mintlover0707,"49. 조르지오 아르마니 립 마에스트로 & 톰포드 페이턴트 피니시 립컬러 50. 24시간 사퍼하기 51. 불닭볶음면, 삼양라면 해장은 역시 삼양 52. ""아니"" ""미쳤나봐"" 가 문장의 99% 차지 53. 카톡 54. 길수록 좋아 썸 타는 맛에 연애하지요 55. 애인 빼고 스킨십 개싫어하는데 여자는 환영",https://twitter.com/Mintlover0707/status/1234120897876783105,0,1
2020-03-01,14:18:19,djdlrkdjqtdma,매운 거 잘먹고 싶어서 불닭볶음면 치즈 엄청 먹었던 성민이.. 근데 소스의 1/4만 넣어서 먹었대 ㅋㅋ 나머진 다 광현이 거 ㅋㅋㅋㅋ 1/4 넣은 것도 매워서 먹는 거 포기했던 성민이 ㅠㅠ ㅋㅋ ,https://twitter.com/djdlrkdjqtdma/status/1234120787629502466,0,0
2020-03-01,14:15:41,WWH_JIN1204,불닭볶음면 먹고싶다....... ,https://twitter.com/WWH_JIN1204/status/1234120126112206848,0,0
2020-03-01,14:12:55,00_nana0813,불닭볶음면 좋지 ,https://twitter.com/00_nana0813/status/1234119428746334208,0,0
2020-03-01,14:12:07,ddobaming,불닭볶음면 너무 사랑해 ,https://twitter.com/ddobaming/status/1234119230276005890,0,0
2020-03-01,14:11:19,ddobaming,어렵네 그치만 라면 불닭볶음면 사랑해 ,https://twitter.com/ddobaming/status/1234119026793570305,0,0
2020-03-01,14:09:54,fubar2311,카레덮밥 돈까스 쌀국수 불닭볶음면 쫄면 피자 와앙 와구 얌냠 ㅠ아작아작,https://twitter.com/fubar2311/status/1234118671221444609,0,1
2020-03-01,14:09:03,hitmanbang1216,불닭볶음면 당첨자분에게 기프티콘 보내드렸습니다! ,https://twitter.com/hitmanbang1216/status/1234118455055413248,6,51
2020-03-01,13:51:46,yami_peach,갑자기 불닭볶음면 먹고 싶네,https://twitter.com/yami_peach/status/1234114105239166978,0,2
2020-03-01,13:45:18,tongamee,아니 불닭볶음면 먹고싶은데 배탈난듯하요,https://twitter.com/tongamee/status/1234112478516142081,0,0
2020-03-01,13:42:57,Lin_hyen,불닭볶음면 먹고 싶은데 울 아파트에 코로나 환자 있어서 슈퍼도 못가구 흑흑,https://twitter.com/Lin_hyen/status/1234111887312244736,0,0
2020-03-01,13:36:48,babeitsantbeast,핵불닭볶음면 es un ramen coreano ultra picante,https://twitter.com/babeitsantbeast/status/1234110338687229952,0,2
2020-03-01,13:30:46,ozzzzingGG,ㅋㅋㅋㅋ다 드셨나요?^^!!!!!! 나중에 불닭볶음면도 먹으면서 슈니생각해 주세요 전 디에고가 못 먹는 못된 고기 제가 이로 거칠게 씹으며 혼내주려고 오늘 고기 두 팩 사왔으니까요!,https://twitter.com/ozzzzingGG/status/1234108821758308353,0,1
2020-03-01,13:22:29,0_0_URI,후기는..음 리뷰보고 완전 쫄음반 기대반으로 봣는데 마지막씬에서도 그렇고 조금..불닭볶음면의 짜릿함과 고통을 기대하면서 끓였는데 물을 제대로 안버려서 소스물을 마시는 느낌,https://twitter.com/0_0_URI/status/1234106736400683008,0,0
2020-03-01,13:16:22,nak__________,예전엔 두끼연속 불닭볶음면 먹어도 쌩쌩했는데,https://twitter.com/nak__________/status/1234105199003758593,0,1
2020-03-01,13:04:23,jelly_fiish,콕콕콕 찍어버려 이 누날 불닭볶음면 뚜껑 뜛듯이...,https://twitter.com/jelly_fiish/status/1234102184393895937,0,1
2020-03-01,13:02:08,kenniken_030613,불닭볶음면,https://twitter.com/kenniken_030613/status/1234101617026166786,0,0
2020-03-01,12:59:06,tennysideup,[속보] 쟌도는 허니버터칩맛 vs 불닭볶음면맛 첨예 대립 .. 장내 술렁,https://twitter.com/tennysideup/status/1234100853377601536,1,6
2020-03-01,12:58:59,rockNlyee,@nonstopho 제가 가장 좋아하는 라면은? 1.불닭볶음면 2.라면볶이 3.까르보불닭 4.꼬꼬면 5.진짬뽕,https://twitter.com/rockNlyee/status/1234100823967158273,0,0
2020-03-01,12:58:04,fubar2311,내일두 불닭볶음면먹어야지,https://twitter.com/fubar2311/status/1234100591585947650,0,0
2020-03-01,12:51:27,Cu9VsutQMubdS44,ㅜㅜㅜㅜ ㅋ ㅋ쉬안이가 물리적인 거에 쪼는일이 없는데 귀신같은거에 쫀다네요 ㅋ ㅠㅜ아 ㅜ더놀려도 웃겻을거같은 ㅋㅋㅋㅋㅋ 쉬안이 매운거 불닭볶음면정도는 가볍게 먹는 느낌이라네요 마라과자 그거많이 매울까요 ㅋㅋ린이는 매운거잘먹어요???? 같이 입술 명란젓되고파 ㅠ,https://twitter.com/Cu9VsutQMubdS44/status/1234098926078136320,0,1
2020-03-01,12:51:08,Kim2Lee1,불닭볶음면 먹을까 말까,https://twitter.com/Kim2Lee1/status/1234098848533925891,0,0
2020-03-01,12:50:26,tennysideup,헐 뤼얼 진짜요 ?? ? 쟌도가 그런 이미지였구나 불닭볶음면 소스 다섯개 .. 를 매 끼니 식사로 먹어서 저는 어떤 맛인지도 몰랐나봐요 쟌도러들은 세살때부터 실비김치를 찢어먹었습니다,https://twitter.com/tennysideup/status/1234098671681015810,0,5
2020-03-01,12:48:26,beginning_1st,쟌도가.. 약간 맵짠인가요..? 저한텐.. 불닭볶음면 두봉 끓였는데 소스는 핵불닭소스5개넣은 느낌인데,https://twitter.com/beginning_1st/status/1234098167815131136,3,2
2020-03-01,12:41:00,hhb232,앜ㅋㅋㅋㅋㅋ그럴수도있죠....저도 배아프면서 불닭볶음면 같은거 먹는걸요....그치만 맛있는걸....,https://twitter.com/hhb232/status/1234096295964377089,0,0
2020-03-01,11:44:24,jjjini92,오늘 저녁은 불닭볶음면. 맵다 ,https://twitter.com/jjjini92/status/1234082054414860289,0,0
2020-03-01,11:43:14,795qaz,전 불닭볶음면..,https://twitter.com/795qaz/status/1234081758770974720,0,0
2020-03-01,11:39:07,totheno1,"멕시카나 불닭치킨, 불닭볶음면보다는 양념에 설탕을 많이 넣어 처음 한입은 먹을만하다고 생각하기 쉬우나...두 조각 먹으면 입가랑 혀가 화끈거리고 네 조각 먹으면 눈에서 저절로 눈물이 흐르는 맛입니다.그리고 반마리 먹을때쯤이면 위가 쓰려와요. http://totheno1.egloos.com/4181246",https://twitter.com/totheno1/status/1234080725273460737,71,32
2020-03-01,11:32:40,lovekmh77,일주일 동안 불닭치킨 3번 집에서 한 매운 치킨 1번 불닭볶음면 1번 아.. 윽 리얼 7일동안 ㅋㅋ 아 아 닭 이제 한동안 무리,https://twitter.com/lovekmh77/status/1234079100702052353,0,1
2020-03-01,11:31:33,sally_toffl,불닭볶음면 큰컵에 처갓집양념슈프림 말아먹기 아직도 안해본 사람있으면 죽기전에 꼭 시도하고 천국의 문에 다다라 보세요,https://twitter.com/sally_toffl/status/1234078819746603008,0,0
2020-03-01,11:23:17,bitfree,음... 당근해서 불닭볶음면이랑 만두 사 먹었다. #당근,https://twitter.com/bitfree/status/1234076739539623936,0,1
2020-03-01,11:07:59,QTNEMZ,불닭볶음면,https://twitter.com/QTNEMZ/status/1234072888350670848,0,0
2020-03-01,11:05:34,BTS_army____7,불닭볶음면이욤,https://twitter.com/BTS_army____7/status/1234072281929773058,0,0
2020-03-01,11:04:28,strongme11,라면 먹고 갈래? 형아 집에 불닭볶음면 있다.,https://twitter.com/strongme11/status/1234072003654455296,0,0
2020-03-01,11:04:16,onlyx1_922,불굴의원잇오늘도힘내자 #불굴의원잇_릴레이시위기대해 힘내자힘근데방금불닭볶음면 #RUreadyfor_OneitsProtest 먹어서정신없어물괜히마셨엉,https://twitter.com/onlyx1_922/status/1234071953759068167,16,15
2020-03-01,10:50:24,chueaj,나 불닭볶음면같은 싸한 매움이 너무너무 무섭고 싫음..... 혀가 고통스러움... 엽떡 정도의 매운맛이 좋음,https://twitter.com/chueaj/status/1234068465708752896,0,0
2020-03-01,10:46:39,riverkang0717,@mallang__616 강문어가 2주 동안 먹은 불닭볶음면의 개수는? 1. 3개 2. 5개 3. 7개 4. 10개 5. 12개,https://twitter.com/riverkang0717/status/1234067521524752384,0,0
2020-03-01,10:36:58,meumbyeol,빈속에 불닭볶음면먹기~,https://twitter.com/meumbyeol/status/1234065083157757952,0,0
2020-03-01,10:36:03,Musultang_c,제 몇회더라 목마르면 우물파는 사람들! InSane 시나리오 컵 야끼소바 인세인 이시국개변 ver. 컵 불닭볶음면 인세인 PC로 다녀왔습니다 ㅋ 시나리오 너무 좋아 ㅋ 재밌어 ㅋ 즐거워 ㅋ 마지막엔 좀 정신이 혼미하긴 했는데 여튼 재밌었음;; 덤으로 저는 까불볶에 매운소스를 반만 넣는 파임 ,https://twitter.com/Musultang_c/status/1234064855235088385,0,1
2020-03-01,10:29:24,salmondeopbab,wwあれが辛いんだったら불닭볶음면は危険そうです ,https://twitter.com/salmondeopbab/status/1234063178440433664,0,3
2020-03-01,10:15:34,che_ru_,첫끼 불닭볶음면은 정신나간짓이엇어 속쓰림 직빵이다 살려주세요,https://twitter.com/che_ru_/status/1234059696815788033,0,0
2020-03-01,10:10:49,omnyomy,"아니 역전할머니 맥주 불닭볶음면 실화인가요? 노량진점인데 이게 13000원? 원래 닭 구워서 모짜렐라치즈 올라가는걸로 알았는데 닭도 튀긴 찌끄래기같은거 저게 전부,,, 진짜 창렬도 이런 창렬이 없음 ㅡㅡ ",https://twitter.com/omnyomy/status/1234058503142043649,11,4
2020-03-01,09:59:27,SatinSafe,노예남 구합니다 불닭볶음면 사먹게 1500원 보내주세요,https://twitter.com/SatinSafe/status/1234055644619014144,2,4
2020-03-01,09:58:24,0u0PaNda819,불닭볶음면 食べたい笑笑,https://twitter.com/0u0PaNda819/status/1234055378683359232,0,3
2020-03-01,09:58:05,5danny1206,갑자기 불닭볶음면이 너무 먹고싶은데 사러가는게 맞을까...!?,https://twitter.com/5danny1206/status/1234055298677010438,0,3
2020-03-01,09:23:56,YNG_Asuka,"เคยลอง 짜파게티, 불닭볶음면, 진라면 매운맛 และ 진짬뽕 ค่ะ เราก็ชอบกินเผ็ดค่ะ อันที่ซื้อตุนไว้บ่อยสุดช่วงลดราคาคือ 진라면 매운맛 กับ 진짬뽕 เพราะที่บ้านชอบ 2 รสนี้ที่สุดแล้ว ",https://twitter.com/YNG_Asuka/status/1234046703029719041,1,0
2020-03-01,09:21:09,aaace97,"너무 연하의 얼굴 형... 그새끼랑 떡볶이 사먹지마요 그새끼랑 피씨방 가지마요 형,. 내가 배그 캐리해줄게요. 피씨방비도 내가 낼게요. 불닭볶음면도 사줄게요. 나랑 피방가요. 그새끼랑 엽떡 보통맛 먹지마요. 형은 매운거못먹으니깐..; ",https://twitter.com/aaace97/status/1234046002069291008,15,14
2020-03-01,09:11:54,oojjiisan,불닭볶음면... 맛은 넘 맛잇는데 매운거 못먹어서 찔찔대면서 먹어요 그리구 위가 너무 아픈 o&lt;-&lt; 망고 그닥 좋아하는편은 아니에요 연어초밥 환장하죠 오늘도 먹엇음 헷. 크림파스타 맛잇어요 근데 한접시다먹어갈때쯤 슬슬 질리는 음식인것같은...,https://twitter.com/oojjiisan/status/1234043675404992512,0,0
2020-03-01,09:11:42,Fawbotan_MY,칼라일 매운거 못먹을 것 같은데 메인디쉬 “어설픈” 불닭볶음면... 내 취향 고려해준거야? 아이참... ,https://twitter.com/Fawbotan_MY/status/1234043626126135296,0,3
2020-03-01,09:09:55,dkfaemfa,하루 물 섭취 권장량 채우려고 불닭볶음면 먹음(물세컵째마시는중),https://twitter.com/dkfaemfa/status/1234043177792729088,0,0
2020-03-01,09:06:41,Leah_hmarket,"그렇군요. 불닭볶음면.. 저도 먹어봤는데 저는 분홍색 덜 매운맛을 먹어봤는데도 맵더라구요. 그럼 저희는 식성이 잘 맞네요. 먹는건 중요하니까, 좋은 일이네요. 로나는 어떻게 뮤지컬배우가 되었나요? 어렸을때부터 쭉 꿈이었어요? 어디서 학습을 받으셨나요? 관심분야다보니, 궁금한것이 많아지네요",https://twitter.com/Leah_hmarket/status/1234042363133038592,0,0
2020-03-01,09:02:51,s_myu_,앗 매운거 좋아하세요~? 불닭볶음면 같은 것도 잘 드시나요 ,https://twitter.com/s_myu_/status/1234041400150253568,0,0
2020-03-01,08:42:39,wnr1121_ARMY,ㅋㅋㅋㅋㅋㅋㅋㅋㅋㅋㅋㅋㅋ맛있겠넼ㅋㅋ 나도 허당이어서 ㄱㅊㄱㅊ 비빔면 찬물안행구고 뜨겁게 먹은적도 있구 불닭볶음면 김넣고 물넣은적도있구.. 신라면 언니처럼 비닐넣고 끓인적있음ㅋㅋㅋㅋㅋㅋㅋ,https://twitter.com/wnr1121_ARMY/status/1234036316016300032,0,1
2020-03-01,08:32:13,nae_don_naenwa,나 불닭볶음면 세그릇,https://twitter.com/nae_don_naenwa/status/1234033688817483777,0,0
2020-03-01,08:31:58,ajig_0623,아 나 핵불닭볶음면 먹어보고 싶다 얼마나 매울까,https://twitter.com/ajig_0623/status/1234033625332535297,0,0
2020-03-01,08:14:30,zhengTTian,อันดับ 6 불닭볶음면(บุลดั๊กบกกึม มยอน) รามยอนไก่พ่นไฟ ไก่เผ็ด ไม่ต้องรีวิวหรอก ที่ไทยมีขาย555 เรากินบ่อยมากเพราะมันกินง่าย แก้เครียดหัวโล่งดี(เรากินเผ็ดเก่งไง) ตัวนี้กินง่าย คนนิยมเพราะเป็นมิชชั่นการตลาดที่ท้าแข่งกินเผ็ด แบรยด์เลยขายได้ทะลุล้าน มันชาเลนจ์มากๆไงคนเลยชอบ รสก็ดี ,https://twitter.com/zhengTTian/status/1234029229089517570,8,5
2020-03-01,08:09:23,Ph_DonLight,이따 불닭볶음면먹어야징,https://twitter.com/Ph_DonLight/status/1234027944793632768,0,0
2020-03-01,08:07:44,memel_commu,3일 연속 불닭볶음면 예정...,https://twitter.com/memel_commu/status/1234027528336969728,0,0
2020-03-01,08:01:04,Yissull,모두의 익명 질문을 모집 중! 최근 답변한 질문 ● 베어다뮤지컬 2016앨범사샸… ● 썰님 저희 곧 있으면 뵐 것… ● 썰밈 처음 열린 애기 페어리… ● 핵불닭볶음면 vs 랑 페어리… #질문상자 #익명질문모집중,https://twitter.com/Yissull/status/1234025849109635073,0,0
2020-03-01,07:58:46,memel_commu,아니...........맛있는데 너무 괴로워 불닭소스 같네요 갇혀서 불닭볶음면만 먹여지는 슈바에리(매운거못먹음),https://twitter.com/memel_commu/status/1234025272816500737,0,1
2020-03-01,07:48:26,Moonlw94,불닭볶음면!,https://twitter.com/Moonlw94/status/1234022671966322689,0,1
2020-03-01,07:45:14,beeeeeen2yam,불닭볶음면 ,https://twitter.com/beeeeeen2yam/status/1234021865619771392,0,0
2020-03-01,07:17:57,Sinabro_BTS,어 저도 불닭볶음면 하는 중 ㅋㅋㅋ,https://twitter.com/Sinabro_BTS/status/1234015001565782017,0,2
2020-03-01,07:08:30,apogattobird,.....불닭볶음면먹고싶어요.....어흑흑,https://twitter.com/apogattobird/status/1234012622732705792,0,0
2020-03-01,07:07:37,homoong__,불닭떡볶이 개 매워ㅜㅜㅜㅜ 불닭볶음면 정도겠지 했는데 아냐ㅜㅜㅜ더 매워ㅜㅜㅜㅡ ,https://twitter.com/homoong__/status/1234012398622662656,0,0
2020-03-01,07:04:44,universe_haeun,불닭볶음면 사오고 싶은데 나가기 무서워요유ㅠㅠㅠㅠㅠㅠ,https://twitter.com/universe_haeun/status/1234011671657451520,0,0
2020-03-01,06:57:10,aseon_6_13,전 불닭볶음면 좋아함다.. ,https://twitter.com/aseon_6_13/status/1234009770312384514,0,1
2020-03-01,06:54:58,Siro_UwU,앤오님한테 불닭볶음면 보내드렸는데 그거 드시고 날 죽일셈이야? 이런 반응 하시려나,https://twitter.com/Siro_UwU/status/1234009214755860482,1,2
2020-03-01,06:53:48,AtoZ_HQ,저 불닭볶음면 의외로 안좋아해요 불닭 특유의 매운맛이 저에겐 별로... 근데 까르보불닭은 또 좋아합니다 ,https://twitter.com/AtoZ_HQ/status/1234008923553718273,0,2
2020-03-01,06:49:54,cchondeek__,불닭볶음면이요@!!,https://twitter.com/cchondeek__/status/1234007941075759104,0,1
2020-03-01,06:45:58,97_BunnyKook,지금 엄청나게... 짜장면 탕수육 짬뽕 피자 떡볶이 버블티 아이스크림 과자 곱창 냉면 찜닭 빵 통감자 고구마맛탕 햄버거 감자튀김 불닭볶음면 크림파스타 스테이크 샌드위치 치킨 핫도그 삼겹살 족발 닭발 미역국 제육볶음 마라탕 훠궈 닭갈비 돼지고기김치찜 잡채 갈비찜 볶음밥 갈비탕 설렁탕 땡겨,https://twitter.com/97_BunnyKook/status/1234006949974298624,0,5
2020-03-01,06:45:14,vreadcase,불닭볶음면이랑 까르보는 돈키호테같은곳에서도 파니 일본인 친구에게 사줄 선물로는 적당하지 않아요 마치 일본인 친구가 킷캣을 오미야게로 사다주는것과 비슷하지요 그러니 다른 것을 고르도록 해요,https://twitter.com/vreadcase/status/1234006764456050688,0,4
2020-03-01,06:37:18,Diamond17Shine,점심때 불닭볶음면을 먹어서 그런가...과자가 계속 손이가네. 역시 면음식은 배가 안차~,https://twitter.com/Diamond17Shine/status/1234004768202211332,0,0
2020-03-01,06:27:45,_Moon_Style_,오늘점심도 불닭볶음면... ,https://twitter.com/_Moon_Style_/status/1234002366136905728,0,1
2020-03-01,06:22:40,_SDSkyKlouD,정신을 차려보니 나는 히비키가 되어있었고 눈 앞에는 불닭볶음면이 있었다.,https://twitter.com/_SDSkyKlouD/status/1234001089202012160,0,0
2020-03-01,06:22:38,paneeballepanee,축하드립니다! 불닭볶음면에 당첨되셨습니다 디엠주세요! @Chable__ @Monmon_ho,https://twitter.com/paneeballepanee/status/1234001080314236929,1,2
2020-03-01,06:18:35,10bird,불닭볶음면.. 넘매워.. 근데 맛있어..,https://twitter.com/10bird/status/1234000061090021376,0,0
2020-03-01,06:17:34,cacties257,단커캐를모아봐도... -난이곳에서의닫힌세계가좋다 살인으로 이곳의 꿈이 무너질바에야 내가죽어서 유토피아를 지킨다!(그리고 죽다살아나선 한국유튜버가되어 매일불닭볶음면 먹음) -인간이란 대단해 그런 인간의 어두운 일면과 죄악까지도 누군가는 기억하고 사랑해줘야한다 내가 그역할을 하겠어!,https://twitter.com/cacties257/status/1233999805803745280,0,7
2020-03-01,06:14:03,A_sAnD_LiFe,@mpyj0606 닉네임이 울보이신가요...? 울보님 나 혼자 먹는 불닭볶음면 부럽지 부럽지 부럽지 부럽지 부럽지 부럽지 부럽지 부럽지 부럽지 부럽지 ㅋㅋㅋㅋㅋㅋㅋㅋㅋㅋㅋㅋㅋㅋㅋㅋㅋㅋㅋㅋ 으악 불닭볶음면 먹고 싶네요...,https://twitter.com/A_sAnD_LiFe/status/1233998919798939649,0,0
2020-03-01,06:05:40,means2842,라오렉은 아디유1코믹스의 핵불닭볶음면 같다는 생각을 하는편,https://twitter.com/means2842/status/1233996807715180545,0,1
2020-03-01,06:03:35,7K0EN3JI,나 맵찌야ㅠㅠㅠ ㅠㅠㅠㅠㅠㅠ 움 뭐라고 설명해야할까 신전 순한맛은 매운데 엽떡 착한맛은 먹을 수 있어!! 불닭볶음면은 절대 못 먹구 ㅜ ㅜ 라부는 매운 거 잘 먹어? 나 계속 실시간으로 웹서핑 하는 중이야ㅠㅠㅜ 요즘 코로나 때문에 걱정이 많아소,https://twitter.com/7K0EN3JI/status/1233996284085669888,0,0
2020-03-01,06:01:04,kyh93B,하 존나 귀엽다 불닭볶음면 끓여주고 일부로 쿨피스 안줘서 울리고싶다 ㄴ 저기요?,https://twitter.com/kyh93B/status/1233995650804486144,0,2
2020-03-01,05:53:13,yo82ee,따거필안이 요즘 넘 이뻐서 일상생활이 힘들어요 샘 거부할 수 없는 위험한 섹시함&lt;ㅋㅋㅋㅋㅋㅋㅋㅈㅋㅋ 역시우산계불닭볶음면인거져,https://twitter.com/yo82ee/status/1233993674905640961,0,2
2020-03-01,05:52:35,LHG_ON,아직도 궁금한게 신라면도 못먹으면서 불닭볶음면 왜 들고 있는거야? ,https://twitter.com/LHG_ON/status/1233993514779697152,0,7
2020-03-01,05:41:20,HhiDe_,불닭볶음면!,https://twitter.com/HhiDe_/status/1233990685407105024,0,0
2020-03-01,05:39:30,HhiDe_,불닭볶음면!,https://twitter.com/HhiDe_/status/1233990224700559360,0,0
2020-03-01,05:17:55,14S218,ㅛㅛ 그리면서 또 자극적인 빨간맛에 길들여져서 1418 너무 진라면 순한맛같음... 불닭볶음면같은 ㅈㅈ 같으니,https://twitter.com/14S218/status/1233984790434418688,0,1
2020-03-01,05:17:37,H2_forH,오늘의 단어★ Hakzo inhalation 흡입 H2 is waiting to have an inhalation to eat 불닭볶음면. (수소는 불닭볶음면을 먹으려고 흡입을 기다리고 있다.),https://twitter.com/H2_forH/status/1233984718711873537,0,0
2020-03-01,05:06:29,EtrangeraSeoul,"북한회사가 내놓은 불닭볶음면 열화버전? (출처 : 경향신문 | 네이버 뉴스) http://naver.me/GaQW4rlA / 표절의 민족, 간첩새끼들 시켜서 불닭볶음면 가져갔나",https://twitter.com/EtrangeraSeoul/status/1233981913347416064,0,0
2020-03-01,05:04:55,KUROSUKEkiryu,辛い物が本当に苦手だったんだけど、セルフ人体実験は好きなので、本場韓国人もやめとけと言うブルダック(불닭볶음면)を食べてみた。 食べたあとが地獄を見るけど、とても美味しい。 結果、辛いものに耐性がついたw,https://twitter.com/KUROSUKEkiryu/status/1233981521549090819,0,2
2020-03-01,04:59:01,no_hoon_no_life,불닭볶음면,https://twitter.com/no_hoon_no_life/status/1233980038053150720,0,0
2020-03-01,04:53:47,blucheong,나는 불닭볶음면도 소스 1/3만 넣는 맵찔이인데 미국의 초초 매운 치토스 먹어보고 싶다. 극강의 맵짠을 먹고 위장 박살내기 야호,https://twitter.com/blucheong/status/1233978718726455296,0,0
2020-03-01,04:48:04,purpleflower309,저는 불닭볶음면이용!!,https://twitter.com/purpleflower309/status/1233977278549217280,0,1
2020-03-01,04:46:17,091__7,으 불닭볶음면에조금씩뿌려먹음?? 군만두랑같이먹어바,https://twitter.com/091__7/status/1233976831189012481,0,0
2020-03-01,04:41:03,Wondeungi,불닭볶음면 !,https://twitter.com/Wondeungi/status/1233975513703567360,0,0
2020-03-01,04:38:09,mook4019,북한회사가 내놓은 불닭볶음면 열화버전? ,https://twitter.com/mook4019/status/1233974786323144704,0,0
2020-03-01,04:35:11,soulegon,틈새라면이나 불닭볶음면 같은 거 먹고 땀 뻘뻘 흘리면 바이러스 싹 다 배출되고... 뭐 그런 거면 좋겠네.ㅎ 그럼 못먹어도 매운 라면 한번 도전해 볼 텐데.,https://twitter.com/soulegon/status/1233974039082754048,0,0
2020-03-01,04:20:02,URMHB_,팔도비빔면 소스와 불닭볶음면 소스를 샀습니다 저는 이제 무적입니다,https://twitter.com/URMHB_/status/1233970224216432640,0,2
2020-03-01,04:11:12,makang25,불닭볶음면 안 먹었어요ㅠㅠㅠㅠ 헝헝 ㅜㅜ,https://twitter.com/makang25/status/1233968001944145921,0,0
2020-03-01,04:10:26,anyuang,불닭볶음면...?,https://twitter.com/anyuang/status/1233967811334000640,0,0
2020-03-01,04:03:19,odumi170726,오늘의 점심은 불닭볶음면!!,https://twitter.com/odumi170726/status/1233966020252979200,0,0
2020-03-01,03:55:20,RIC_BGP,아이스크림 물면 그제서야 누물 그칠거같긴 한데 조세삔 불닭볶음면 머그면 어떻게 대나요,https://twitter.com/RIC_BGP/status/1233964011579822080,0,0
2020-03-01,03:49:12,RIC_BGP,제이크 양놈이라 매운거 잘 못먹겠지. 불닭볶음면 먹고 오열하는거 보고싶다.,https://twitter.com/RIC_BGP/status/1233962466054295552,0,2
2020-03-01,03:44:13,sinnnnn_12,불닭볶음면 먹었어! 언니는??,https://twitter.com/sinnnnn_12/status/1233961213966503936,0,0
2020-03-01,03:42:29,cottonrabbitJM,울 준며니...햐랴랴랴 복숭아맛인 줄 알았는데 사실 핵불닭볶음면맛이었구나.... ,https://twitter.com/cottonrabbitJM/status/1233960777742082049,0,1
2020-03-01,03:40:39,moon_zongS2,하루종일굶다가첫끼로불닭볶음면하나먹고배부르단유영재생각하면힘찬보다내가더쌉돼지인거같음,https://twitter.com/moon_zongS2/status/1233960314799919104,0,1
2020-03-01,03:07:30,Nun__sol,안데... 피방에서 불닭볶음면 3600언이에오...( ˃̣̣̥᷄⌓˂̣̣̥᷅ ),https://twitter.com/Nun__sol/status/1233951971670802432,0,0
2020-03-01,02:54:33,TheGreenVesper,순박한 수달 샐러리맨으 숨겨진 불닭볶음면같은 스팽을 기대해봅니다 ㅋㅋ,https://twitter.com/TheGreenVesper/status/1233948713204105216,0,0
2020-03-01,02:53:49,BNS_sin,삼겹살과 불닭볶음면 조합은 최강아닙니까,https://twitter.com/BNS_sin/status/1233948529338408961,0,1
2020-03-01,02:45:59,Langsha_014r,난 젊어 무슨뜻이냐면 불닭볶음면을 아침으로 먹겠다는뜻,https://twitter.com/Langsha_014r/status/1233946558019751936,0,0
2020-03-01,02:09:18,slythercoups,"불닭볶음면 먹다가 마지막 한입에 사레들렸어ㅠㅠㅠㅜ힝구..,, 죽을맛이야",https://twitter.com/slythercoups/status/1233937324544675846,0,0
2020-03-01,02:02:41,opasnal123,@:@:@: 님들 제가 오늘 할랄마라불닭볶음면 끓여먹다가 이거랑 같이먹으면 진짜 맛있는 좋은 재료..진짜 미친 최고의 조합 알아냄!! 뭐냐면 위장약 ㅋㅋㅋㅋㅋㅋㅋ,https://twitter.com/opasnal123/status/1233935662329368576,2,7
2020-03-01,01:31:24,myeongjjang,그런데 안타깝게도 지금도 나는 불닭볶음면이 먹고싶다 (^^) ,https://twitter.com/myeongjjang/status/1233927786227585025,0,1
2020-03-01,01:22:01,NEDA_moons,아무나 나대신 불닭볶음면좀 사다줘라,https://twitter.com/NEDA_moons/status/1233925425002233856,0,1
2020-03-01,01:16:47,he_he_roo,불닭볶음면 먹구싶다 오늘 나가서 사야지,https://twitter.com/he_he_roo/status/1233924111316877312,0,0
2020-03-01,00:00:47,samuku39,【留学情報】韓国人ですら辛いと嘆くインスタントラーメンの名は「불닭볶음면(プルダクポックンミョン)」。カップではない方を是非、お試しください。黒パッケージに赤文字です。辛くないです。痛いです。とにかく、痛いです。←,https://twitter.com/samuku39/status/1233904981901578241,0,0
